question_id,method,hop_count,hop_prefix,question,answer,gold_answer,em,f1,hit_at_k,recall_at_k,all_recall_at_k,mrr,precision_at_k,ndcg_at_k,contexts
2hop__623501_297043,No-RAG,2,2hop,What watercourse is the river on which the Lostock Dam is located the mouth of?,River Irwell,Hunter River,0.0,0.5,0.0,0.0,0.0,0.0,0.0,0.0,[]
2hop__628752_538661,No-RAG,2,2hop,Where are the headquarters for the publisher of In the Shadow of Greatness?,I don't know.,Annapolis,0.0,0.0,0.0,0.0,0.0,0.0,0.0,0.0,[]
2hop__642686_7292,No-RAG,2,2hop,"Along with Kenny G and the performer of Hello Tomorrow, what artist was featured on Smooth Jazz Stations?",I don't know.,George Benson,0.0,0.0,0.0,0.0,0.0,0.0,0.0,0.0,[]
2hop__557496_57594,No-RAG,2,2hop,What gun does Amy Madigan's spouse used in westworld?,I don't know.,LeMat revolver,0.0,0.0,0.0,0.0,0.0,0.0,0.0,0.0,[]
2hop__825727_584042,No-RAG,2,2hop,What league includes the sports team that has Maycon Carvalho Inez?,I don't know.,K-League,0.0,0.0,0.0,0.0,0.0,0.0,0.0,0.0,[]
2hop__252521_80650,No-RAG,2,2hop,Who played the character in the Santa Clause 3 that has a series named after it that includes Frost at Christmas?,Donovan Leitch,Martin Short,0.0,0.0,0.0,0.0,0.0,0.0,0.0,0.0,[]
2hop__657913_88628,No-RAG,2,2hop,Who did the producer of Big Jim McLain play in True Grit?,Rooster Cogburn,U.S. Marshal Rooster Cogburn,0.0,0.6666666666666666,0.0,0.0,0.0,0.0,0.0,0.0,[]
2hop__476927_31270,No-RAG,2,2hop,How far is Hod Lisenbee's place of death in TN from Nashville?,I don't know.,45,0.0,0.0,0.0,0.0,0.0,0.0,0.0,0.0,[]
2hop__56851_343058,No-RAG,2,2hop,Who is the spouse of the actress who played the fairy god mother in Shrek 2?,I don't know.,Adrian Edmondson,0.0,0.0,0.0,0.0,0.0,0.0,0.0,0.0,[]
2hop__80070_89752,No-RAG,2,2hop,What is the largest state in the region where the Handmaid's Tale takes place?,Massachusetts,Maine,0.0,0.0,0.0,0.0,0.0,0.0,0.0,0.0,[]
2hop__6827_86319,No-RAG,2,2hop,Who is the CEO of FleetBoston Financial's purchaser?,I don't know.,Brian Thomas Moynihan,0.0,0.0,0.0,0.0,0.0,0.0,0.0,0.0,[]
2hop__132909_33564,No-RAG,2,2hop,During which era was the company that makes Nirbhay founded?,I don't know.,From the 1950s to the 1970s,0.0,0.0,0.0,0.0,0.0,0.0,0.0,0.0,[]
2hop__29367_29376,No-RAG,2,2hop,What event caused the Liberal Party of Australia's longest-serving leader to become Prime Minister?,I don't know.,Lyons' death in 1939,0.0,0.0,0.0,0.0,0.0,0.0,0.0,0.0,[]
2hop__85713_84469,No-RAG,2,2hop,"In A League of Their Own, who played the husband of the actress who played Thelma in Thelma and Louise?",I don't know.,Bill Pullman,0.0,0.0,0.0,0.0,0.0,0.0,0.0,0.0,[]
2hop__358270_108549,No-RAG,2,2hop,Who wrote the TV Series containing the Finale episodes?,I don't know.,Alfred Gough,0.0,0.0,0.0,0.0,0.0,0.0,0.0,0.0,[]
2hop__424908_500483,No-RAG,2,2hop,"What shares a border with the administrative district where Bieliny, Świętokrzyskie Voivodeship is the capital?",I don't know.,Gmina Daleszyce,0.0,0.0,0.0,0.0,0.0,0.0,0.0,0.0,[]
2hop__17827_54024,No-RAG,2,2hop,Which king sold part of the Crown Freehold and commissioned a bible translation?,Edward VI,King James I of England,0.0,0.0,0.0,0.0,0.0,0.0,0.0,0.0,[]
2hop__32541_85460,No-RAG,2,2hop,What is the median household income for people today of the same country as the witness to the Blitz?,I don't know.,"$59,039",0.0,0.0,0.0,0.0,0.0,0.0,0.0,0.0,[]
2hop__175175_347233,No-RAG,2,2hop,In which county did Snappy Tomato Pizza form?,"Cuyahoga County, Ohio",Kenton County,0.0,0.4,0.0,0.0,0.0,0.0,0.0,0.0,[]
2hop__776637_87295,No-RAG,2,2hop,Who does the cast member from Julie play in Princess Diaries?,I don't know.,Queen dowager Clarisse Renaldi,0.0,0.0,0.0,0.0,0.0,0.0,0.0,0.0,[]
2hop__358582_189042,No-RAG,2,2hop,What is the record label of the Thrill of a Lifetime performer?,I don't know.,New Renaissance Records,0.0,0.0,0.0,0.0,0.0,0.0,0.0,0.0,[]
2hop__655505_110949,No-RAG,2,2hop,What is the Till dom ensamma performer's birth date?,I don't know.,11 September 1962,0.0,0.0,0.0,0.0,0.0,0.0,0.0,0.0,[]
2hop__61664_786853,No-RAG,2,2hop,Who is the spouse of the voice actor of Batman in The Lego Batman Movie?,I don't know.,Amy Poehler,0.0,0.0,0.0,0.0,0.0,0.0,0.0,0.0,[]
2hop__61924_712629,No-RAG,2,2hop,Who is the spouse of the current queen of England?,"Prince Philip, Duke of Edinburgh (deceased) / Prince Consort Charles",Philip Mountbatten,0.0,0.1818181818181818,0.0,0.0,0.0,0.0,0.0,0.0,[]
2hop__34734_92852,No-RAG,2,2hop,When did the U.S. stop trading with the country that started hostilities?,I don't know.,1940,0.0,0.0,0.0,0.0,0.0,0.0,0.0,0.0,[]
2hop__89657_289940,No-RAG,2,2hop,What team's player had the most league sacks?,I don't know.,New England Patriots,0.0,0.0,0.0,0.0,0.0,0.0,0.0,0.0,[]
2hop__402530_774333,No-RAG,2,2hop,What other county does the county where Imperial is located share a border with?,San Bernardino County,Crockett County,0.0,0.4,0.0,0.0,0.0,0.0,0.0,0.0,[]
2hop__678516_179720,No-RAG,2,2hop,Who was married to the creator of Ruby Loftus Screwing a Breech Ring?,I don't know.,Harold Knight,0.0,0.0,0.0,0.0,0.0,0.0,0.0,0.0,[]
2hop__547045_131879,No-RAG,2,2hop,What body of water is by the headquarters location of Wipac?,I don't know.,River Great Ouse,0.0,0.0,0.0,0.0,0.0,0.0,0.0,0.0,[]
2hop__72487_510545,No-RAG,2,2hop,Who is the spouse of the actor that plays vision in avengers age of ultron?,I don't know.,Jennifer Connelly,0.0,0.0,0.0,0.0,0.0,0.0,0.0,0.0,[]
2hop__696442_51329,No-RAG,2,2hop,What movie did Lauren Bacall's spouse win his only Oscar?,High Noon,The African Queen,0.0,0.0,0.0,0.0,0.0,0.0,0.0,0.0,[]
2hop__156658_155922,No-RAG,2,2hop,What body of water does the river that Toongabbie Creek flows into flow into?,I don't know.,Sydney Harbour,0.0,0.0,0.0,0.0,0.0,0.0,0.0,0.0,[]
2hop__6750_6733,No-RAG,2,2hop,To what division of languages does one with an innovative form belong?,Innovative forms belong to the dynamic or creative division of languages.,Eastern block,0.0,0.0,0.0,0.0,0.0,0.0,0.0,0.0,[]
2hop__28203_55840,No-RAG,2,2hop,Who played king whose regal Name did Albert Adopt in the king's speech?,I don't know.,Colin Firth,0.0,0.0,0.0,0.0,0.0,0.0,0.0,0.0,[]
2hop__468778_88165,No-RAG,2,2hop,Who did the spouse of Hagar marry after the death of Sarah?,I don't know.,Keturah,0.0,0.0,0.0,0.0,0.0,0.0,0.0,0.0,[]
2hop__142621_225454,No-RAG,2,2hop,What is the record label of the co-writer and recording artist of Permission to Fly?,I don't know.,Hollywood Records,0.0,0.0,0.0,0.0,0.0,0.0,0.0,0.0,[]
2hop__491195_265959,No-RAG,2,2hop,Who is the mother of the composer of Jag tror på sommaren?,I don't know.,Lena Olin,0.0,0.0,0.0,0.0,0.0,0.0,0.0,0.0,[]
2hop__442175_56873,No-RAG,2,2hop,When did the team that Jamie Ward is a member of win the FA Cup?,I don't know.,1898 and 1959,0.0,0.0,0.0,0.0,0.0,0.0,0.0,0.0,[]
2hop__15416_58040,No-RAG,2,2hop,What is the highest city in the state where Dell ranks sixth by revenue?,I don't know.,Fort Davis,0.0,0.0,0.0,0.0,0.0,0.0,0.0,0.0,[]
2hop__147260_623159,No-RAG,2,2hop,What territorial entity does the town where John the Hairy lived belong to?,I don't know.,Yaroslavl Oblast,0.0,0.0,0.0,0.0,0.0,0.0,0.0,0.0,[]
2hop__865961_159109,No-RAG,2,2hop,Where is the country with ISO code ISO 3166-2:CV located?,Cape Verde,central Atlantic Ocean,0.0,0.0,0.0,0.0,0.0,0.0,0.0,0.0,[]
2hop__25788_25839,No-RAG,2,2hop,What is the maximum load drawn by the device that was designed to standardize connection of computer peripherals?,USB 3.0,five unit loads,0.0,0.0,0.0,0.0,0.0,0.0,0.0,0.0,[]
2hop__1667_40501,No-RAG,2,2hop,How many refugees emigrated to the nation that founded New Amsterdam?,I don't know.,"75,000 to 100,000",0.0,0.0,0.0,0.0,0.0,0.0,0.0,0.0,[]
2hop__203985_524737,No-RAG,2,2hop,In what league did Jose Miranda's team compete?,I don't know.,United Soccer League,0.0,0.0,0.0,0.0,0.0,0.0,0.0,0.0,[]
2hop__73069_88165,No-RAG,2,2hop,Who did the person considered the founder of three major monotheistic religions marry after the death of Sarah?,I don't know.,Keturah,0.0,0.0,0.0,0.0,0.0,0.0,0.0,0.0,[]
2hop__153573_109006,No-RAG,2,2hop,Who developed the eponymous character from the series that contains Mickey's Safari in Letterland?,I don't know.,Walt Disney,0.0,0.0,0.0,0.0,0.0,0.0,0.0,0.0,[]
2hop__133116_533882,No-RAG,2,2hop,What company resulted from a merger in 1961 involving the builder of the Martin BM?,Martin-Marietta,Martin Marietta,0.0,0.0,0.0,0.0,0.0,0.0,0.0,0.0,[]
2hop__142130_67668,No-RAG,2,2hop,Who does the Nothing Suits Me Like a Suit artist play in Batman Under the Red Hood?,Red Hood,Nightwing / Dick Grayson,0.0,0.0,0.0,0.0,0.0,0.0,0.0,0.0,[]
2hop__226204_69048,No-RAG,2,2hop,Who is the chief judge of Friday Osanebi's birthplace?,I don't know.,Honorable Justice Abiodun Smith,0.0,0.0,0.0,0.0,0.0,0.0,0.0,0.0,[]
2hop__89632_40480,No-RAG,2,2hop,Where did Huguenot nobility settle in the state where the Patriot was filmed?,I don't know.,Charleston Orange district,0.0,0.0,0.0,0.0,0.0,0.0,0.0,0.0,[]
2hop__507528_139339,No-RAG,2,2hop,What was the director of Lisa Picard is Famous nominated for?,I don't know.,Academy Award for Best Live Action Short Film,0.0,0.0,0.0,0.0,0.0,0.0,0.0,0.0,[]
2hop__401710_456439,No-RAG,2,2hop,Who is the spouse of the producer of Dolores Claiborne?,I don't know.,Helen Mirren,0.0,0.0,0.0,0.0,0.0,0.0,0.0,0.0,[]
2hop__115515_779396,No-RAG,2,2hop,Where was the creator of the Lap Engine educated?,I don't know.,University of Glasgow,0.0,0.0,0.0,0.0,0.0,0.0,0.0,0.0,[]
2hop__596188_297986,No-RAG,2,2hop,What administrative territorial entity contains the place where Mycenae House is located?,Peloponnese,Royal Borough of Greenwich,0.0,0.0,0.0,0.0,0.0,0.0,0.0,0.0,[]
2hop__31085_23241,No-RAG,2,2hop,"According to Pew, in 2010 what percent of Nigeria's population was the same religion as Ibn Tufail?",I don't know.,48.8 percent,0.0,0.0,0.0,0.0,0.0,0.0,0.0,0.0,[]
2hop__551235_310309,No-RAG,2,2hop,Who is the child of the creator of A Distinguished Member of the Humane Society?,I don't know.,Edwin Landseer Lutyens,0.0,0.0,0.0,0.0,0.0,0.0,0.0,0.0,[]
2hop__433694_20273,No-RAG,2,2hop,In what year did Margaret Knox's spouse pass away?,I don't know.,1572,0.0,0.0,0.0,0.0,0.0,0.0,0.0,0.0,[]
2hop__20268_42014,No-RAG,2,2hop,How many members in the seats of the organization that enacted the Directory of Public Worship into law are members of the Scottish Government?,I don't know.,2,0.0,0.0,0.0,0.0,0.0,0.0,0.0,0.0,[]
2hop__216256_141338,No-RAG,2,2hop,What company is the school where Ernest G. McClain is employed a part of?,I don't know.,City University of New York,0.0,0.0,0.0,0.0,0.0,0.0,0.0,0.0,[]
2hop__29349_92763,No-RAG,2,2hop,What is the enrollment where the first debate between Kerry and Bush took place?,University of Texas at Austin,"16,801",0.0,0.0,0.0,0.0,0.0,0.0,0.0,0.0,[]
2hop__770487_494646,No-RAG,2,2hop,What administrative territorial entity contains the headquarters of the Mono Lake Committee?,California,Mono County,0.0,0.5,0.0,0.0,0.0,0.0,0.0,0.0,[]
2hop__121386_37168,No-RAG,2,2hop,"According to QS World University Rankings, where does the college that Ibrahim Shihata attended rank?",I don't know.,551-600,0.0,0.0,0.0,0.0,0.0,0.0,0.0,0.0,[]
2hop__55552_158105,No-RAG,2,2hop,What two features of Windows 98 were highlighted by the man who announced Windows in 1983?,I don't know.,ease of use and enhanced support for Plug and Play,0.0,0.0,0.0,0.0,0.0,0.0,0.0,0.0,[]
2hop__388467_110882,No-RAG,2,2hop,What is the birth date of the By Your Side performer?,I don't know.,1 January 1986,0.0,0.0,0.0,0.0,0.0,0.0,0.0,0.0,[]
2hop__16581_16525,No-RAG,2,2hop,When did the person who first brought a postal service into Umayyad lands become caliph?,I don't know.,661,0.0,0.0,0.0,0.0,0.0,0.0,0.0,0.0,[]
2hop__7855_7794,No-RAG,2,2hop,What is the population in 2010 of they city popular with tourists?,I don't know.,8.005 million,0.0,0.0,0.0,0.0,0.0,0.0,0.0,0.0,[]
2hop__271045_68633,No-RAG,2,2hop,Who is the president of the organization Julio Maglione is located?,I don't know.,Thomas Bach,0.0,0.0,0.0,0.0,0.0,0.0,0.0,0.0,[]
2hop__543050_245420,No-RAG,2,2hop,Which city shares border with the area having Bella Vista High School?,I don't know.,Citrus Heights,0.0,0.0,0.0,0.0,0.0,0.0,0.0,0.0,[]
2hop__267938_92763,No-RAG,2,2hop,What is the enrollment at Jack Clay's employer?,I don't know.,"16,801",0.0,0.0,0.0,0.0,0.0,0.0,0.0,0.0,[]
2hop__731584_700117,No-RAG,2,2hop,In which county is the city to which KKVU is licensed to broadcast?,I don't know.,Berrien County,0.0,0.0,0.0,0.0,0.0,0.0,0.0,0.0,[]
2hop__85325_88165,No-RAG,2,2hop,Who did the person who married their half sister in the bible marry after the death of sarah?,Abraham married Ketura.,Keturah,0.0,0.0,0.0,0.0,0.0,0.0,0.0,0.0,[]
2hop__818692_113442,No-RAG,2,2hop,What date did the creator of Autumn Leaves die?,I don't know.,13 August 1896,0.0,0.0,0.0,0.0,0.0,0.0,0.0,0.0,[]
2hop__132954_533882,No-RAG,2,2hop,What company was formed after a merger of the company that built ASM-N-5 Gorgon V?,I don't know.,Martin Marietta,0.0,0.0,0.0,0.0,0.0,0.0,0.0,0.0,[]
2hop__608902_653666,No-RAG,2,2hop,Who is the mother of Katharine Smith Salisbury's brother?,I don't know.,Lucy Mack Smith,0.0,0.0,0.0,0.0,0.0,0.0,0.0,0.0,[]
2hop__520033_123956,No-RAG,2,2hop,On what date did Battle of the birth place of Denny Januar Ali end?,I don't know.,15 February 1942,0.0,0.0,0.0,0.0,0.0,0.0,0.0,0.0,[]
2hop__135651_669373,No-RAG,2,2hop,Which university employed the person that Mach bands are named after?,I don't know.,Charles University,0.0,0.0,0.0,0.0,0.0,0.0,0.0,0.0,[]
2hop__157498_127908,No-RAG,2,2hop,What league does the team that uses Dick's Sporting Goods Park play for?,MLS,Major League Soccer,1.0,1.0,0.0,0.0,0.0,0.0,0.0,0.0,[]
2hop__81825_49084,No-RAG,2,2hop,Who plays the character that took the sword out of the stone in once upon a time?,Matt Smith,Liam Thomas Garrigan,0.0,0.0,0.0,0.0,0.0,0.0,0.0,0.0,[]
2hop__52283_75184,No-RAG,2,2hop,Who play's Marty's girlfriend in back to the future?,Christine Fisher,Claudia Wells,0.0,0.0,0.0,0.0,0.0,0.0,0.0,0.0,[]
2hop__814856_110882,No-RAG,2,2hop,What is the Smile performer's birthday?,I don't know.,1 January 1986,0.0,0.0,0.0,0.0,0.0,0.0,0.0,0.0,[]
2hop__62823_654855,No-RAG,2,2hop,"What political party was the candidate who garnered a million votes during the 1920 election despite being in prison, a member of?",I don't know.,Socialist Party of America,0.0,0.0,0.0,0.0,0.0,0.0,0.0,0.0,[]
2hop__73615_16848,No-RAG,2,2hop,What happened to the assets of the agency that abolished the dual system of government in bengal after it was removed from power?,I don't know.,formally incorporated into the British Empire,0.0,0.0,0.0,0.0,0.0,0.0,0.0,0.0,[]
2hop__9_59409,No-RAG,2,2hop,Who was the artist which Beyonce did marry talking about in song cry?,Jay-Z,three different relationships he had in the past,0.0,0.0,0.0,0.0,0.0,0.0,0.0,0.0,[]
2hop__96411_47902,No-RAG,2,2hop,Who plays the main character of The Bourne Deception?,Matt Damon,Matt Damon,1.0,1.0,0.0,0.0,0.0,0.0,0.0,0.0,[]
2hop__16844_42173,No-RAG,2,2hop,When was the ruler that was dissolved after the Indian Rebellion of 1857 established?,I don't know.,1599,0.0,0.0,0.0,0.0,0.0,0.0,0.0,0.0,[]
2hop__510860_22402,No-RAG,2,2hop,How many students attend the school that employs Roberto Andorno?,I don't know.,"nearly 25,000",0.0,0.0,0.0,0.0,0.0,0.0,0.0,0.0,[]
2hop__93230_319887,No-RAG,2,2hop,What institute did the actor playing the voice of John Smith in Pocahontas attend?,I don't know.,National Institute of Dramatic Art,0.0,0.0,0.0,0.0,0.0,0.0,0.0,0.0,[]
2hop__538412_126089,No-RAG,2,2hop,Who was in charge of the province where Schermer is located?,I don't know.,Johan Remkes,0.0,0.0,0.0,0.0,0.0,0.0,0.0,0.0,[]
2hop__598467_68489,No-RAG,2,2hop,Who did the performer from Night Rocker play on Young and Restless?,I don't know.,Snapper Foster,0.0,0.0,0.0,0.0,0.0,0.0,0.0,0.0,[]
2hop__156702_51769,No-RAG,2,2hop,What is the life expectancy of the type of retriever named after the body of water the Patuxent River turns into?,I don't know.,average lifespan at 9.4 years,0.0,0.0,0.0,0.0,0.0,0.0,0.0,0.0,[]
2hop__367336_97805,No-RAG,2,2hop,Which war did the operator of the Finnish coastal defence ship Ilmarinen serve in?,Winter War,Winter War,1.0,1.0,0.0,0.0,0.0,0.0,0.0,0.0,[]
2hop__418360_67370,No-RAG,2,2hop,When does real time with the author of The New New Rules start again in 2018,I don't know.,"January 19, 2018",0.0,0.0,0.0,0.0,0.0,0.0,0.0,0.0,[]
2hop__44259_747874,No-RAG,2,2hop,Who is the sibling of the player who won the 2012 U.S. Open Men's Singles final?,I don't know.,Jamie Murray,0.0,0.0,0.0,0.0,0.0,0.0,0.0,0.0,[]
2hop__158247_71142,No-RAG,2,2hop,Who led the muslim forces to retake the proposed embassy destination?,I don't know.,Abu Ubaidah,0.0,0.0,0.0,0.0,0.0,0.0,0.0,0.0,[]
2hop__95687_577502,No-RAG,2,2hop,Who is the spouse of the leading actor in the film The 6th Day?,I don't know.,Maria Shriver,0.0,0.0,0.0,0.0,0.0,0.0,0.0,0.0,[]
2hop__81268_85407,No-RAG,2,2hop,What was the 2018 population of the Italian city that's underwater?,I don't know.,"260,897",0.0,0.0,0.0,0.0,0.0,0.0,0.0,0.0,[]
2hop__71016_75184,No-RAG,2,2hop,Who played the girlfriend of who plays marty mcfly's daughter in back to the future 2?,I don't know.,Claudia Wells,0.0,0.0,0.0,0.0,0.0,0.0,0.0,0.0,[]
2hop__263638_69048,No-RAG,2,2hop,Who is the Chief Judge of the Tebesa Nemine's birthplace?,I don't know.,Honorable Justice Abiodun Smith,0.0,0.0,0.0,0.0,0.0,0.0,0.0,0.0,[]
2hop__76402_653666,No-RAG,2,2hop,Who is the mother of the founder of Mormonism?,Martha Brotherson,Lucy Mack Smith,0.0,0.0,0.0,0.0,0.0,0.0,0.0,0.0,[]
2hop__500379_126537,No-RAG,2,2hop,When did Burroughs Corporation merge to form a new corporation?,I don't know.,1986,0.0,0.0,0.0,0.0,0.0,0.0,0.0,0.0,[]
2hop__739909_807845,No-RAG,2,2hop,What publisher was formed from the owner of the The Daily News?,I don't know.,Digital First Media,0.0,0.0,0.0,0.0,0.0,0.0,0.0,0.0,[]
2hop__67956_463572,No-RAG,2,2hop,What record label does the artist who sang you belong to me belong to?,I don't know.,MGM Records,0.0,0.0,0.0,0.0,0.0,0.0,0.0,0.0,[]
2hop__861157_135481,No-RAG,2,2hop,What is the competition the 1972 Federation Cup is part of named after?,Billie Jean King,International Tennis Federation,0.0,0.0,0.0,0.0,0.0,0.0,0.0,0.0,[]
2hop__39063_593388,No-RAG,2,2hop,"Who is the father of the person who came up with the concept of the ""new"" police?",I don't know.,"Sir Robert Peel, 1st Baronet",0.0,0.0,0.0,0.0,0.0,0.0,0.0,0.0,[]
2hop__30905_189318,No-RAG,2,2hop,Where did the person who sponsored the resolution to reopen trade with Vietnam along with Kerry go to college?,I don't know.,National War College,0.0,0.0,0.0,0.0,0.0,0.0,0.0,0.0,[]
2hop__39954_80940,No-RAG,2,2hop,What is the largest national park in the country where hunters are estimated to spend fifty to one hundred times that of the average ecotourist?,I don't know.,Ruaha National Park,0.0,0.0,0.0,0.0,0.0,0.0,0.0,0.0,[]
2hop__29191_59955,No-RAG,2,2hop,What country is between Lithuania and Frederic Chopin's home country?,Poland,Kaliningrad Oblast,0.0,0.0,0.0,0.0,0.0,0.0,0.0,0.0,[]
2hop__822965_165304,No-RAG,2,2hop,Who is the child of the actor who is a cast member of Love in Pawn?,I don't know.,Kim Braden,0.0,0.0,0.0,0.0,0.0,0.0,0.0,0.0,[]
2hop__389778_78303,No-RAG,2,2hop,"What was the cast member of Missing in Action's name in Walker, Texas Ranger?",Sgt. Mike Murphy,Cordell Walker,0.0,0.0,0.0,0.0,0.0,0.0,0.0,0.0,[]
2hop__108336_772156,No-RAG,2,2hop,Where did the creator of the Allegory of Isabella d'Este's Coronation die?,I don't know.,Mantua,0.0,0.0,0.0,0.0,0.0,0.0,0.0,0.0,[]
2hop__30390_36634,No-RAG,2,2hop,How many groups were involved in the war when Hayek started working on Abuse of Reason?,I don't know.,two alliances,0.0,0.0,0.0,0.0,0.0,0.0,0.0,0.0,[]
2hop__63002_461854,No-RAG,2,2hop,Who is the spouse of the actress who plays Scarlett in Gone With the Wind?,I don't know.,Laurence Olivier,0.0,0.0,0.0,0.0,0.0,0.0,0.0,0.0,[]
2hop__223823_29898,No-RAG,2,2hop,Which affiliate left the owner of Canadian Broadcasting Centre due to an agreement with CHBC?,I don't know.,CFJC-TV in Kamloops,0.0,0.0,0.0,0.0,0.0,0.0,0.0,0.0,[]
2hop__157251_556157,No-RAG,2,2hop,What river does the system containing Umchabezi River serve as the mouth of?,I don't know.,Limpopo River,0.0,0.0,0.0,0.0,0.0,0.0,0.0,0.0,[]
2hop__814671_82341,No-RAG,2,2hop,In what region of Florida is WMOP located?,Orlando,in Northern Florida,0.0,0.0,0.0,0.0,0.0,0.0,0.0,0.0,[]
2hop__554167_451128,No-RAG,2,2hop,Who is the child of the Victim of Romance performer?,I don't know.,Chynna Phillips,0.0,0.0,0.0,0.0,0.0,0.0,0.0,0.0,[]
2hop__91211_90973,No-RAG,2,2hop,Who did the original voice of the character played by mila kunis in the cleveland show?,Mila Kunis herself voiced the character Pam Fisher.,Lacey Chabert,0.0,0.0,0.0,0.0,0.0,0.0,0.0,0.0,[]
2hop__1667_40502,No-RAG,2,2hop,What was the population of the founder of New Amsterdam before influx of Huguenot refugees?,I don't know.,2 million,0.0,0.0,0.0,0.0,0.0,0.0,0.0,0.0,[]
2hop__82766_67668,No-RAG,2,2hop,The actor playing Barney in How I Met Your Mother played who in Batman Under The Red Hood?,Chris Klein played Red Hood in Batman Under the Red Hood.,Nightwing / Dick Grayson,0.0,0.18181818181818182,0.0,0.0,0.0,0.0,0.0,0.0,[]
2hop__215124_83837,No-RAG,2,2hop,Who sings Home Alone Tonight with the Rain is a Good Thing singer?,I don't know.,Karen Fairchild,0.0,0.0,0.0,0.0,0.0,0.0,0.0,0.0,[]
2hop__82669_768138,No-RAG,2,2hop,Who is the brother of the Melissa and Joey Theme Song singer?,I don't know.,Matthew Lawrence,0.0,0.0,0.0,0.0,0.0,0.0,0.0,0.0,[]
2hop__63214_319330,No-RAG,2,2hop,Who is the child of the president under whom prohibition occurred?,I don't know.,Jessie Woodrow Wilson,0.0,0.0,0.0,0.0,0.0,0.0,0.0,0.0,[]
2hop__207476_625987,No-RAG,2,2hop,"Who is the grandmother of Philippe, Duke of Orléans?",Marie Adélaïde of Saxe-Lauenburg,Marie de' Medici,0.0,0.28571428571428575,0.0,0.0,0.0,0.0,0.0,0.0,[]
2hop__35989_623159,No-RAG,2,2hop,In what oblast is the oldest city in the northeast located?,Donetsk Oblast,Yaroslavl Oblast,0.0,0.5,0.0,0.0,0.0,0.0,0.0,0.0,[]
2hop__59612_50883,No-RAG,2,2hop,The London broil cut comes from a country with an emergency response guidebook with response guides in which section?,I don't know.,"The fourth section, with orange page borders",0.0,0.0,0.0,0.0,0.0,0.0,0.0,0.0,[]
2hop__613779_55984,No-RAG,2,2hop,"Who wrote the song ""The Story"" that is sung by the performer of ""That Wasn't Me""?",I don't know.,Phil Hanseroth,0.0,0.0,0.0,0.0,0.0,0.0,0.0,0.0,[]
2hop__65576_80026,No-RAG,2,2hop,Who played the spoilt character in Charlie and the Chocolate Factory?,Wilbur Waterson,Julie Dawn Cole,0.0,0.0,0.0,0.0,0.0,0.0,0.0,0.0,[]
2hop__135822_46621,No-RAG,2,2hop,When was the star to which Solgränd is named after discovered to be the center of the solar system?,I don't know.,as early as the 3rd century BC,0.0,0.0,0.0,0.0,0.0,0.0,0.0,0.0,[]
2hop__92590_43786,No-RAG,2,2hop,Where is the newspaper that originated the term Baby Boomer based?,The New York Sun,"Washington, D.C.",0.0,0.0,0.0,0.0,0.0,0.0,0.0,0.0,[]
2hop__147212_60904,No-RAG,2,2hop,Who owns the rehabilitation center at the place where Hank Moonjean died?,I don't know.,Jack Michel,0.0,0.0,0.0,0.0,0.0,0.0,0.0,0.0,[]
2hop__385392_756039,No-RAG,2,2hop,What administrative territorial entity includes the place that KTRP is licensed to broadcast to?,I don't know.,Canyon County,0.0,0.0,0.0,0.0,0.0,0.0,0.0,0.0,[]
2hop__435184_67370,No-RAG,2,2hop,When does real time with the pizza man cast member start again in 2018?,I don't know.,"January 19, 2018",0.0,0.0,0.0,0.0,0.0,0.0,0.0,0.0,[]
2hop__104095_40501,No-RAG,2,2hop,How many refugees emigrated to the country that Clara Peeters is a citizen of?,I don't know.,"75,000 to 100,000",0.0,0.0,0.0,0.0,0.0,0.0,0.0,0.0,[]
2hop__252311_366220,No-RAG,2,2hop,Who founded the company that distributed the film UHF?,I don't know.,Mike Medavoy,0.0,0.0,0.0,0.0,0.0,0.0,0.0,0.0,[]
2hop__53433_59035,No-RAG,2,2hop,The beautiful country used as a backdrop for the movie The Lord of the Rings was founded on what date?,I don't know.,6 February 1840,0.0,0.0,0.0,0.0,0.0,0.0,0.0,0.0,[]
2hop__765180_123956,No-RAG,2,2hop,When did the Battle at Choo Hoey's birthplace end?,I don't know.,15 February 1942,0.0,0.0,0.0,0.0,0.0,0.0,0.0,0.0,[]
2hop__9930_21567,No-RAG,2,2hop,Who introduced a system of musical notation used in the region that has no mention in the 14th century?,I don't know.,John Kukuzelis,0.0,0.0,0.0,0.0,0.0,0.0,0.0,0.0,[]
2hop__310456_846599,No-RAG,2,2hop,Who is the child of the person who followed Tihomir of Serbia?,I don't know.,Saint Sava,0.0,0.0,0.0,0.0,0.0,0.0,0.0,0.0,[]
2hop__46550_85990,No-RAG,2,2hop,Who were the leaders of the opposition of the party that controlled the house of representatives in 2002?,I don't know.,"anti-slavery activists, modernizers, ex Whigs and ex Free Soilers",0.0,0.0,0.0,0.0,0.0,0.0,0.0,0.0,[]
2hop__333020_69048,No-RAG,2,2hop,Who is the Chief Judge of the place where Orezi was born?,I don't know.,Honorable Justice Abiodun Smith,0.0,0.0,0.0,0.0,0.0,0.0,0.0,0.0,[]
2hop__2148_78851,No-RAG,2,2hop,Which professional sports team does not play their home games at the same location where the Amateur Boxing Golden Gloves event is held?,I don't know.,Brooklyn Nets NBA,0.0,0.0,0.0,0.0,0.0,0.0,0.0,0.0,[]
2hop__64372_83289,No-RAG,2,2hop,Who is the guy in the One Last Time music video by the singer of a new version of Somewhere Over the Rainbow?,I don't know.,Matt Bennett,0.0,0.0,0.0,0.0,0.0,0.0,0.0,0.0,[]
2hop__645448_77615,No-RAG,2,2hop,When did military instruction start at the place where Larry Alcala was educated?,I don't know.,1912,0.0,0.0,0.0,0.0,0.0,0.0,0.0,0.0,[]
2hop__586343_83289,No-RAG,2,2hop,Who is the guy in the video of the performer of One Last Time?,I don't know.,Matt Bennett,0.0,0.0,0.0,0.0,0.0,0.0,0.0,0.0,[]
2hop__8347_8311,No-RAG,2,2hop,When did the crowning of the person under whom the Chapter House was built happen?,I don't know.,1216,0.0,0.0,0.0,0.0,0.0,0.0,0.0,0.0,[]
2hop__10515_21567,No-RAG,2,2hop,Who introduced a system of musical notation in the 14th century that is used in the area where most of the invasion of the eastern Roman Empire took place?,I don't know.,John Kukuzelis,0.0,0.0,0.0,0.0,0.0,0.0,0.0,0.0,[]
2hop__76314_177869,No-RAG,2,2hop,Who was the spouse of a leading speaker against slavery and publisher of an antislavery newspaper?,I don't know.,Helen Pitts Douglass,0.0,0.0,0.0,0.0,0.0,0.0,0.0,0.0,[]
2hop__511296_577502,No-RAG,2,2hop,Who married the actor from Terminator?,I don't know.,Maria Shriver,0.0,0.0,0.0,0.0,0.0,0.0,0.0,0.0,[]
2hop__527400_159673,No-RAG,2,2hop,"This cast member in ""Search for the Gods"" also plays a character in which film?",I don't know.,The Hateful Eight,0.0,0.0,0.0,0.0,0.0,0.0,0.0,0.0,[]
2hop__13592_85544,No-RAG,2,2hop,How many games do team in the league where Barcelona won titles in 1948 and 1949 play?,I don't know.,38,0.0,0.0,0.0,0.0,0.0,0.0,0.0,0.0,[]
2hop__196348_150107,No-RAG,2,2hop,Who published Communications of the organization that Andries van Dam is a member of?,I don't know.,Association for Computing Machinery,0.0,0.0,0.0,0.0,0.0,0.0,0.0,0.0,[]
2hop__250030_7298,No-RAG,2,2hop,Who started out his career on adult contemporary radio along with the performer of All That Echoes?,I don't know.,Michael Bublé,0.0,0.0,0.0,0.0,0.0,0.0,0.0,0.0,[]
2hop__705035_152093,No-RAG,2,2hop,What label is responsible for the performer of Crazy Love?,I don't know.,Fair Trade Services,0.0,0.0,0.0,0.0,0.0,0.0,0.0,0.0,[]
2hop__89403_602275,No-RAG,2,2hop,Who is the child of the physicist who who developed an explanation for the photoelectric effect?,I don't know.,Hans Albert Einstein,0.0,0.0,0.0,0.0,0.0,0.0,0.0,0.0,[]
2hop__145082_35034,No-RAG,2,2hop,What was the population density of Tammy Leitner's city of birth in 2009?,I don't know.,"3,771.9 people per square mile (1,456.4/km2)",0.0,0.0,0.0,0.0,0.0,0.0,0.0,0.0,[]
2hop__6827_75783,No-RAG,2,2hop,When was countrywide bought by the company that bought FleetBoston Financial?,I don't know.,"July 1, 2008",0.0,0.0,0.0,0.0,0.0,0.0,0.0,0.0,[]
2hop__73615_42173,No-RAG,2,2hop,When was the company that abolished the dual system of government in Bengal established?,I don't know.,1599,0.0,0.0,0.0,0.0,0.0,0.0,0.0,0.0,[]
2hop__125412_544665,No-RAG,2,2hop,Who followed Menucha Rochel Slonim's father?,I don't know.,Menachem Mendel Schneersohn,0.0,0.0,0.0,0.0,0.0,0.0,0.0,0.0,[]
2hop__96414_159054,No-RAG,2,2hop,What was the story of the character from The Bourne Ultimatum based on?,I don't know.,the novel of the same name by Robert Ludlum,0.0,0.0,0.0,0.0,0.0,0.0,0.0,0.0,[]
2hop__611538_152907,No-RAG,2,2hop,What city is the star of 'Three Strangers in Rome' from?,I don't know.,La Goulette,0.0,0.0,0.0,0.0,0.0,0.0,0.0,0.0,[]
2hop__689472_52835,No-RAG,2,2hop,Who wrote the song turn me on that is performed by performer of Feelin' the Same Way?,I don't know.,John D. Loudermilk,0.0,0.0,0.0,0.0,0.0,0.0,0.0,0.0,[]
2hop__398344_439882,No-RAG,2,2hop,Who is the creator of the main character in the Steven the Sword Fighter series?,I don't know.,Rebecca Sugar,0.0,0.0,0.0,0.0,0.0,0.0,0.0,0.0,[]
2hop__71900_712629,No-RAG,2,2hop,Who is the spouse of the longest reigning British monarch?,Prince Philip,Philip Mountbatten,0.0,0.5,0.0,0.0,0.0,0.0,0.0,0.0,[]
2hop__10122_18974,No-RAG,2,2hop,Who led the military expedition to where now Min dialects are spoken on border with Zhejiang?,I don't know.,Chen Zheng,0.0,0.0,0.0,0.0,0.0,0.0,0.0,0.0,[]
2hop__421324_97805,No-RAG,2,2hop,Which war did the operator of Finnish coastal defence ship Väinämöinen serve in?,I don't know.,Winter War,0.0,0.0,0.0,0.0,0.0,0.0,0.0,0.0,[]
2hop__245835_762148,No-RAG,2,2hop,Who is part of the group performing Ask the Fish?,Tina Fey and Amy Poehler,Vince Herman,0.0,0.0,0.0,0.0,0.0,0.0,0.0,0.0,[]
2hop__156085_436709,No-RAG,2,2hop,Who is the creator of Mickey Mouse's spouse?,Walt Disney,Walt Disney,1.0,1.0,0.0,0.0,0.0,0.0,0.0,0.0,[]
2hop__323534_810083,No-RAG,2,2hop,Where was the author of Marcinkus born?,I don't know.,Scranton,0.0,0.0,0.0,0.0,0.0,0.0,0.0,0.0,[]
2hop__700093_455653,No-RAG,2,2hop,Who founded the political party of Dimuthu Bandara Abayakoon?,I don't know.,Rohana Wijeweera,0.0,0.0,0.0,0.0,0.0,0.0,0.0,0.0,[]
2hop__130984_55721,No-RAG,2,2hop,What place gets the most rain where Sandy High School is?,I don't know.,the Coast Range,0.0,0.0,0.0,0.0,0.0,0.0,0.0,0.0,[]
2hop__316374_82341,No-RAG,2,2hop,In what part of Florida is Bob Steele's place of death located?,I don't know.,in Northern Florida,0.0,0.0,0.0,0.0,0.0,0.0,0.0,0.0,[]
2hop__448615_127908,No-RAG,2,2hop,What league was the team that Jose Cancela was a member of in?,I don't know.,Major League Soccer,0.0,0.0,0.0,0.0,0.0,0.0,0.0,0.0,[]
2hop__107238_64918,No-RAG,2,2hop,Who was president when congress declared war on the country where Glumpers was filmed?,I don't know.,President McKinley,0.0,0.0,0.0,0.0,0.0,0.0,0.0,0.0,[]
2hop__195917_575657,No-RAG,2,2hop,In what county is William W. Blair's birthplace located?,I don't know.,Orleans County,0.0,0.0,0.0,0.0,0.0,0.0,0.0,0.0,[]
2hop__747894_135844,No-RAG,2,2hop,Whom is the birth place of Ravil Aryapov named after?,I don't know.,Palmiro Togliatti,0.0,0.0,0.0,0.0,0.0,0.0,0.0,0.0,[]
2hop__701525_342810,No-RAG,2,2hop,What county shares a border with Cedar Springs?,I don't know.,Bell County,0.0,0.0,0.0,0.0,0.0,0.0,0.0,0.0,[]
2hop__152027_141308,No-RAG,2,2hop,What is the parent company of the record label releasing Cold Turkey?,I don't know.,Apple Corps,0.0,0.0,0.0,0.0,0.0,0.0,0.0,0.0,[]
2hop__742831_156034,No-RAG,2,2hop,Of which river is the river Kichi Sipi Bridge crosses a tributary?,Kamchatka River,Hudson's Bay,0.0,0.0,0.0,0.0,0.0,0.0,0.0,0.0,[]
2hop__677929_696450,No-RAG,2,2hop,Who founded the publisher of The Final Testament of the Holy Bible?,I don't know.,Larry Gagosian,0.0,0.0,0.0,0.0,0.0,0.0,0.0,0.0,[]
2hop__61714_89309,No-RAG,2,2hop,What was the date that Pam got married in The Office?,"April 17, 2009","October 8, 2009",0.0,0.3333333333333333,0.0,0.0,0.0,0.0,0.0,0.0,[]
2hop__785711_63853,No-RAG,2,2hop,What is the source of the body of water where Augrabies Falls is located?,Orange River,Thaba Putsoa,0.0,0.0,0.0,0.0,0.0,0.0,0.0,0.0,[]
2hop__62951_64006,No-RAG,2,2hop,"As a result of the Black Death, how much was the population reduced in the place that the US helped with the Marshall Plan?",I don't know.,30% to 65%,0.0,0.0,0.0,0.0,0.0,0.0,0.0,0.0,[]
2hop__91713_289940,No-RAG,2,2hop,What team is the player who led the league in sacks in 2017 a member of?,I don't know.,New England Patriots,0.0,0.0,0.0,0.0,0.0,0.0,0.0,0.0,[]
2hop__802991_443552,No-RAG,2,2hop,What is the capital of the county where Fort Deposit is located?,Montgomery,Hayneville,0.0,0.0,0.0,0.0,0.0,0.0,0.0,0.0,[]
2hop__73615_20510,No-RAG,2,2hop,When was the company who abolished the dual system of government in bengal founded?,I don't know.,1600,0.0,0.0,0.0,0.0,0.0,0.0,0.0,0.0,[]
2hop__27650_27619,No-RAG,2,2hop,Where is the mission for the bank that began to increase their coverage of weaker debts found?,I don't know.,Article 2 of the Statute of the ECB,0.0,0.0,0.0,0.0,0.0,0.0,0.0,0.0,[]
2hop__481809_184805,No-RAG,2,2hop,Who is the child of the horse who also fathered Tompion?,I don't know.,Buckpasser,0.0,0.0,0.0,0.0,0.0,0.0,0.0,0.0,[]
2hop__106864_80460,No-RAG,2,2hop,What was the 2017 population of the country where Bedari was made?,I don't know.,207.77 million people,0.0,0.0,0.0,0.0,0.0,0.0,0.0,0.0,[]
2hop__80834_148696,No-RAG,2,2hop,What is the position of the first Viceroy of the British Empire in India?,William Bentinck,Governor-General of India,0.0,0.0,0.0,0.0,0.0,0.0,0.0,0.0,[]
2hop__865828_377862,No-RAG,2,2hop,Which city is in the same county as Gmina Jordanow?,I don't know.,Sucha Beskidzka,0.0,0.0,0.0,0.0,0.0,0.0,0.0,0.0,[]
2hop__826864_17335,No-RAG,2,2hop,When did the owner of Bucephalus die?,I don't know.,323 BC,0.0,0.0,0.0,0.0,0.0,0.0,0.0,0.0,[]
2hop__168816_144857,No-RAG,2,2hop,In what city was the author of Elephant born?,I don't know.,Clatskanie,0.0,0.0,0.0,0.0,0.0,0.0,0.0,0.0,[]
2hop__79875_72187,No-RAG,2,2hop,What character in A League of their Own was played by the actress who played Thelma in the movie Thelma and Louise?,Karen Mills,Dottie Hinson,0.0,0.0,0.0,0.0,0.0,0.0,0.0,0.0,[]
2hop__124932_278133,No-RAG,2,2hop,Who was the father of Jujhar Singh's father?,I don't know.,Guru Tegh Bahadur,0.0,0.0,0.0,0.0,0.0,0.0,0.0,0.0,[]
2hop__815205_590407,No-RAG,2,2hop,Where is the headquarters of the organization that the Office of Science Education is a part of?,"Washington, D.C.",Bethesda,0.0,0.0,0.0,0.0,0.0,0.0,0.0,0.0,[]
2hop__423045_570226,No-RAG,2,2hop,The Paracel islands are share a province with what city?,Sanya City,Danzhou,0.0,0.0,0.0,0.0,0.0,0.0,0.0,0.0,[]
2hop__494659_5385,No-RAG,2,2hop,How many people work at the school that holds the Julian P. Kanter Political Commercial Archive?,I don't know.,"11,900",0.0,0.0,0.0,0.0,0.0,0.0,0.0,0.0,[]
2hop__78766_461854,No-RAG,2,2hop,Who is the spouse of the actor who played Scarlet in Gone with the wind?,I don't know.,Laurence Olivier,0.0,0.0,0.0,0.0,0.0,0.0,0.0,0.0,[]
2hop__563476_61845,No-RAG,2,2hop,Who has played for West Ham Ajax and the team that David Currie plays for?,I don't know.,Mido,0.0,0.0,0.0,0.0,0.0,0.0,0.0,0.0,[]
2hop__587048_621800,No-RAG,2,2hop,What administrative territorial entity does Heinrich Gross's birth place located?,Austria,Senica District,0.0,0.0,0.0,0.0,0.0,0.0,0.0,0.0,[]
3hop1__694534_160088_49779,No-RAG,3,3hop1,Who is the host of Who Wants to be a Millionaire in the country that MacGruder and Loud's creator is from?,I don't know.,Chris Harrison,0.0,0.0,0.0,0.0,0.0,0.0,0.0,0.0,[]
3hop1__801799_547811_80702,No-RAG,3,3hop1,What is the name of the famous bridge in the place of birth of the composer of La fida ninfa?,Ponte Vecchio,Rialto Bridge,0.0,0.4,0.0,0.0,0.0,0.0,0.0,0.0,[]
3hop2__30152_105895_20999,No-RAG,3,3hop2,What forced the departure from the country responsible for Phoe Pyonn Cho of the people once defied by new coinage?,I don't know.,The dynasty regrouped and defeated the Portuguese,0.0,0.0,0.0,0.0,0.0,0.0,0.0,0.0,[]
3hop1__152880_131926_87157,No-RAG,3,3hop1,What is the direction of flow of the body of water by the city that Astronautalis is from?,I don't know.,rises in northern Minnesota and meanders slowly southwards,0.0,0.0,0.0,0.0,0.0,0.0,0.0,0.0,[]
3hop1__791757_15840_36014,No-RAG,3,3hop1,"On Knight Rider's console, what was maximum games per year per developer imposed by Nintendo?",I don't know.,five,0.0,0.0,0.0,0.0,0.0,0.0,0.0,0.0,[]
3hop1__379231_40769_64047,No-RAG,3,3hop1,When did the luxury division of the manufacturer change the body style of RX 350?,I don't know.,Sales began worldwide in April 2012,0.0,0.0,0.0,0.0,0.0,0.0,0.0,0.0,[]
3hop1__540585_568433_51423,No-RAG,3,3hop1,What is the name of the castle in the city where the headquarters of the production company of Miss Spider's Sunny Patch Kids is located?,I don't know.,Casa Loma,0.0,0.0,0.0,0.0,0.0,0.0,0.0,0.0,[]
3hop1__671542_665330_51423,No-RAG,3,3hop1,What is the name of the castle in city where the performer of Darlings was formed?,I don't know.,Casa Loma,0.0,0.0,0.0,0.0,0.0,0.0,0.0,0.0,[]
3hop1__33845_42197_18397,No-RAG,3,3hop1,Where did the arguer that the country Directive 10/2 called for actions against had become an imperialist power declare he would intervene in the Korean conflict?,I don't know.,the Politburo,0.0,0.0,0.0,0.0,0.0,0.0,0.0,0.0,[]
3hop2__326964_36852_7713,No-RAG,3,3hop2,How long was the city the Qing lost in 1853 the capital of the province where Yaxing Coach is headquartered?,I don't know.,about 400 years,0.0,0.0,0.0,0.0,0.0,0.0,0.0,0.0,[]
3hop1__390489_502967_84283,No-RAG,3,3hop1,Who is the owner of the record label of the performer of Flamenco a Go-Go?,I don't know.,Warner Music Group,0.0,0.0,0.0,0.0,0.0,0.0,0.0,0.0,[]
3hop1__409517_547811_80702,No-RAG,3,3hop1,What is the name of the famous bridge in the birth city of the composer of Scanderbeg?,I don't know.,Rialto Bridge,0.0,0.0,0.0,0.0,0.0,0.0,0.0,0.0,[]
3hop1__305566_568433_47686,No-RAG,3,3hop1,Where do greyhound buses leave from the in the city where the headquarters of the production company which produced A Cosmic Christmas is located?,I don't know.,Toronto Coach Terminal,0.0,0.0,0.0,0.0,0.0,0.0,0.0,0.0,[]
3hop2__132957_51933_40768,No-RAG,3,3hop2,"When did the maker of the Acura Legend, the largest auto company in the world, and Nissan open US assembly plants?",I don't know.,1981,0.0,0.0,0.0,0.0,0.0,0.0,0.0,0.0,[]
3hop2__326964_734214_7713,No-RAG,3,3hop2,How long had Lynn Hung's birthplace been the capitol city of Yaxing Coach's headquarters location?,I don't know.,about 400 years,0.0,0.0,0.0,0.0,0.0,0.0,0.0,0.0,[]
3hop2__831456_223623_162182,No-RAG,3,3hop2,In what region of the country where Sa Thay is located is John Phan's birthplace?,I don't know.,South Central Coast,0.0,0.0,0.0,0.0,0.0,0.0,0.0,0.0,[]
3hop1__691197_15840_36002,No-RAG,3,3hop1,What were the Genesis's advantages over the console whose three letter abbreviation stood for the full console name and also featured the game Yoshi?,I don't know.,built on 16-bit architectures and offered improved graphics and sound,0.0,0.0,0.0,0.0,0.0,0.0,0.0,0.0,[]
3hop1__222497_309482_27537,No-RAG,3,3hop1,Why did Roncalli leave the place where the composer of Al gran sole carico d'amore worked?,I don't know.,for the conclave in Rome,0.0,0.0,0.0,0.0,0.0,0.0,0.0,0.0,[]
3hop1__313670_42197_18397,No-RAG,3,3hop1,Another world leader said that Vladimir Rapoport's country was imperialist. Where did that leader announce that he would intervene in the Korean conflict?,I don't know.,the Politburo,0.0,0.0,0.0,0.0,0.0,0.0,0.0,0.0,[]
3hop2__304722_238553_63959,No-RAG,3,3hop2,When was the last time Peter Till's sports team beat the winner of the 1894-95 FA Cup?,I don't know.,1 December 2010,0.0,0.0,0.0,0.0,0.0,0.0,0.0,0.0,[]
3hop1__71549_486583_84283,No-RAG,3,3hop1,Who owns the record label where Neil Young's co-singer on Four Strong Winds records?,I don't know.,Warner Music Group,0.0,0.0,0.0,0.0,0.0,0.0,0.0,0.0,[]
3hop1__128554_39743_24526,No-RAG,3,3hop1,"What is the average winter daytime temperature in the region where Richmond is found, in the state where WIRR operates?",I don't know.,upper 40s–lower 50s °F,0.0,0.0,0.0,0.0,0.0,0.0,0.0,0.0,[]
3hop1__624901_42197_18397,No-RAG,3,3hop1,Where did who argued the country of citizenship of Maya Kopitseva had itself become an imperialist power declare that he would intervene in the Korean conflict?,I don't know.,the Politburo,0.0,0.0,0.0,0.0,0.0,0.0,0.0,0.0,[]
3hop1__93963_170667_18967,No-RAG,3,3hop1,what is the former name of the country where the airport that Lion Air is part is located?,I don't know.,Dutch East Indies,0.0,0.0,0.0,0.0,0.0,0.0,0.0,0.0,[]
3hop2__304722_740784_63959,No-RAG,3,3hop2,When was the last time Krystian Pearce's sports team beat the winner of the 1894-95 FA Cup?,I don't know.,1 December 2010,0.0,0.0,0.0,0.0,0.0,0.0,0.0,0.0,[]
3hop1__132967_40769_64047,No-RAG,3,3hop1,When did the rx 350 model of the luxury division of the company that built Daihatsu boon change body style?,I don't know.,Sales began worldwide in April 2012,0.0,0.0,0.0,0.0,0.0,0.0,0.0,0.0,[]
3hop1__337705_132457_47686,No-RAG,3,3hop1,Where do Greyhound buses leave from in the city where the band that recorded the album Never Too Loud formed?,I don't know.,Toronto Coach Terminal,0.0,0.0,0.0,0.0,0.0,0.0,0.0,0.0,[]
3hop1__178435_547811_80702,No-RAG,3,3hop1,What is the name of the famous bridge in the birthplace of Gloria in D Major's composer?,I don't know.,Rialto Bridge,0.0,0.0,0.0,0.0,0.0,0.0,0.0,0.0,[]
3hop1__145194_160545_34751,No-RAG,3,3hop1,What year did the country where Siddhi Savetsila was born form an alliance with Japan?,I don't know.,1941,0.0,0.0,0.0,0.0,0.0,0.0,0.0,0.0,[]
3hop1__462960_160545_60577,No-RAG,3,3hop1,Where did they film The Beach in the country where Pao Sarasin was born?,Thailand,Ko Phi Phi Leh,0.0,0.0,0.0,0.0,0.0,0.0,0.0,0.0,[]
3hop2__90327_87184_76291,No-RAG,3,3hop2,When did the party that controls the House of Representatives take control of the branch that approves the appointees to the american cabinet?,I don't know.,January 2015,0.0,0.0,0.0,0.0,0.0,0.0,0.0,0.0,[]
3hop1__786067_228453_10972,No-RAG,3,3hop1,When did the city that headquarters the manufacturer of McAfee's benchmark elect its first black Mayor?,I don't know.,1970s,0.0,0.0,0.0,0.0,0.0,0.0,0.0,0.0,[]
3hop1__694534_160088_85460,No-RAG,3,3hop1,What is the average salary of a working person of the same nationality as MacGruder and Loud's creator?,I don't know.,"$59,039",0.0,0.0,0.0,0.0,0.0,0.0,0.0,0.0,[]
3hop1__83970_685536_47686,No-RAG,3,3hop1,Where do greyhound buses leave from in where the headquarters is located of who owns the hard rock hotel in las vegas?,I don't know.,Toronto Coach Terminal,0.0,0.0,0.0,0.0,0.0,0.0,0.0,0.0,[]
3hop1__108881_720914_41132,No-RAG,3,3hop1,How many times did plague occur in the place where the creator of The Worship of Venus died?,I don't know.,22,0.0,0.0,0.0,0.0,0.0,0.0,0.0,0.0,[]
3hop1__105767_443779_52195,No-RAG,3,3hop1,Who is the president of the newly declared independent country that is part of the commission of truth and friendship with the country that eats Kemplang?,I don't know.,Francisco Guterres,0.0,0.0,0.0,0.0,0.0,0.0,0.0,0.0,[]
3hop1__640171_228453_10972,No-RAG,3,3hop1,When did the headquarters city of the Blanton's manufacturer elect its first black mayor?,I don't know.,1970s,0.0,0.0,0.0,0.0,0.0,0.0,0.0,0.0,[]
3hop2__132957_295815_40768,No-RAG,3,3hop2,"When did the maker of the Acura Legend, the manufacturer of Toyopet Master, and Nissan open US assembly plants?",1986,1981,0.0,0.0,0.0,0.0,0.0,0.0,0.0,0.0,[]
3hop1__857_846_7870,No-RAG,3,3hop1,"Other than at the 1912 block found in the city where the Yongle Emperor met the leader that the edict was addressed to, where else are there lots of bars?",I don't know.,along Shanghai road and its neighbourhood,0.0,0.0,0.0,0.0,0.0,0.0,0.0,0.0,[]
3hop2__655849_467331_162182,No-RAG,3,3hop2,In what region of the country containing the district of A Lưới is the city that has the Zone 5 Military Museum located?,Central Vietnam,South Central Coast,0.0,0.4,0.0,0.0,0.0,0.0,0.0,0.0,[]
3hop1__208108_547811_80702,No-RAG,3,3hop1,What is the name of the famous bridge in the city where the composer of La Silvia was born?,I don't know.,Rialto Bridge,0.0,0.0,0.0,0.0,0.0,0.0,0.0,0.0,[]
3hop1__19768_19788_15107,No-RAG,3,3hop1,What percentage of Eritrea is estimated to adhere to the religion widely practiced in the region with the 2nd largest rain-forest in the world?,I don't know.,48%,0.0,0.0,0.0,0.0,0.0,0.0,0.0,0.0,[]
3hop1__136016_87694_124169,No-RAG,3,3hop1,On what date did Governor of the location where the basilica named after the same saint as Leeds Minster and the head of the catholic religion end?,I don't know.,1952,0.0,0.0,0.0,0.0,0.0,0.0,0.0,0.0,[]
3hop2__11282_57233_56883,No-RAG,3,3hop2,The native country of emu birds started conscription. This occurred during the war depicted in The Things They Carried. What year did the draft start?,1965,1964,0.0,0.0,0.0,0.0,0.0,0.0,0.0,0.0,[]
3hop2__326964_320101_7713,No-RAG,3,3hop2,How long had the place of birth of Noel Lee been the capital city of where Yaxing Coah headquarters is located?,I don't know.,about 400 years,0.0,0.0,0.0,0.0,0.0,0.0,0.0,0.0,[]
3hop1__617062_127905_48717,No-RAG,3,3hop1,Who was the second pick in the 1999 draft of the league Jim Wilson played in?,I don't know.,Josh Beckett,0.0,0.0,0.0,0.0,0.0,0.0,0.0,0.0,[]
3hop1__161433_33952_34099,No-RAG,3,3hop1,How long are the council terms in the second largest city in the US state focused by the cross-border transactions committee of the Department of Real Estate?,I don't know.,four-year,0.0,0.0,0.0,0.0,0.0,0.0,0.0,0.0,[]
3hop1__140786_2053_52946,No-RAG,3,3hop1,"When is Celebrity Big Brother coming to the broadcast company that, along with the network of Just Men!?, and ABC, is one of the major broadcasters based in New York?",I don't know.,"February 7, 2018",0.0,0.0,0.0,0.0,0.0,0.0,0.0,0.0,[]
3hop2__89854_36497_76291,No-RAG,3,3hop2,When did the majority party in the House of Representatives take control of the body which the President calls on for support in his USAF appointments?,I don't know.,January 2015,0.0,0.0,0.0,0.0,0.0,0.0,0.0,0.0,[]
3hop1__53690_161697_49779,No-RAG,3,3hop1,Who was a host of Who Wants to be a Millionaire who shares the same nationality as the author of The Feminine Mystique?,I don't know.,Chris Harrison,0.0,0.0,0.0,0.0,0.0,0.0,0.0,0.0,[]
3hop1__136129_87694_124169,No-RAG,3,3hop1,What year did the Governor of the city where the basilica named after the same saint as the one that Mantua Cathedral is dedicated to die?,I don't know.,1952,0.0,0.0,0.0,0.0,0.0,0.0,0.0,0.0,[]
3hop1__759384_42197_18397,No-RAG,3,3hop1,Where did the person who argued that the country that Mark Fradkin is a citizen of had become an imperialist power declare he would intervene in the Korean conflict?,I don't know.,the Politburo,0.0,0.0,0.0,0.0,0.0,0.0,0.0,0.0,[]
3hop2__30152_107291_20999,No-RAG,3,3hop2,"How were the people that the Somali Muslim Ajuran Empire made coins to proclaim independence from, expelled from the country where Mohinga is eaten?",I don't know.,The dynasty regrouped and defeated the Portuguese,0.0,0.0,0.0,0.0,0.0,0.0,0.0,0.0,[]
3hop1__751782_2053_5289,No-RAG,3,3hop1,"What UK label was bought by the broadcast company that, along with ABC and the original network of Undercovers, is one of the major broadcasters based in New York?",I don't know.,Oriole Records.,0.0,0.0,0.0,0.0,0.0,0.0,0.0,0.0,[]
3hop1__53690_161697_85460,No-RAG,3,3hop1,What is the average salary of a working citizen of the same nationality as the author of The Feminine Mystique?,I don't know.,"$59,039",0.0,0.0,0.0,0.0,0.0,0.0,0.0,0.0,[]
3hop1__131820_59747_48534,No-RAG,3,3hop1,"Who is Grant Park, in the largest city by population in the state where WEKL is found, named after?",I don't know.,"Lemuel P. Grant, a successful engineer and businessman",0.0,0.0,0.0,0.0,0.0,0.0,0.0,0.0,[]
3hop1__404541_629431_124169,No-RAG,3,3hop1,When did the Governorship end of the city where the author of Paenitentiam Agere died?,I don't know.,1952,0.0,0.0,0.0,0.0,0.0,0.0,0.0,0.0,[]
3hop1__145194_160545_62931,No-RAG,3,3hop1,The Beach was filmed in what location of the country that contains the birth city of Siddhi Savetsila?,Bangkok,island Koh Phi Phi,0.0,0.0,0.0,0.0,0.0,0.0,0.0,0.0,[]
3hop1__662618_339990_54675,No-RAG,3,3hop1,What mountain can you see from Portland in the state where Fishing Creek Confederacy is located?,I don't know.,Tualatin Mountains,0.0,0.0,0.0,0.0,0.0,0.0,0.0,0.0,[]
3hop1__426806_42197_18397,No-RAG,3,3hop1,Where did who argued that the country of citizenship of Victor Denisov had itself beome an imperialist power declare that he would intervene in the Korean conflict?,I don't know.,the Politburo,0.0,0.0,0.0,0.0,0.0,0.0,0.0,0.0,[]
3hop1__617062_127905_67954,No-RAG,3,3hop1,Who won the All-Star MVP for the league that the team that Jim Wilson plays for is a part of?,I don't know.,Alex Bregman,0.0,0.0,0.0,0.0,0.0,0.0,0.0,0.0,[]
3hop2__49541_140875_51068,No-RAG,3,3hop2,Who is the actress who plays the Queen of England in 1890 on the station that aired High Feather?,I don't know.,Jenna - Louise Coleman,0.0,0.0,0.0,0.0,0.0,0.0,0.0,0.0,[]
3hop2__127483_125104_10557,No-RAG,3,3hop2,What was the language Auctor comes from during the era of Rotrude's father later known as?,I don't know.,Medieval Latin,0.0,0.0,0.0,0.0,0.0,0.0,0.0,0.0,[]
3hop2__304722_747004_63959,No-RAG,3,3hop2,When was the last time George Hollis's team beat the 1894-95 FA Cup winner?,I don't know.,1 December 2010,0.0,0.0,0.0,0.0,0.0,0.0,0.0,0.0,[]
3hop2__92991_27069_76291,No-RAG,3,3hop2,When did the party Oklahoma's US Senators come from take control of the body determining the rules of the US House and US Senate?,"January 3, 2023",January 2015,0.0,0.4,0.0,0.0,0.0,0.0,0.0,0.0,[]
3hop1__848113_15840_36002,No-RAG,3,3hop1,What were the Genesis's advantages over the system which had a three letter abbreviation and was also the platform for Star Voyager?,I don't know.,built on 16-bit architectures and offered improved graphics and sound,0.0,0.0,0.0,0.0,0.0,0.0,0.0,0.0,[]
3hop1__273571_834494_33939,No-RAG,3,3hop1,What was the population in 1900 of the city that shares a county with Summit?,I don't know.,"7,531",0.0,0.0,0.0,0.0,0.0,0.0,0.0,0.0,[]
3hop1__850160_15840_36002,No-RAG,3,3hop1,What were the Genesis's advantage over the platform of Pictionary?,I don't know.,built on 16-bit architectures and offered improved graphics and sound,0.0,0.0,0.0,0.0,0.0,0.0,0.0,0.0,[]
3hop1__104762_24918_24991,No-RAG,3,3hop1,What went down after the Soviet president visiting the country of citizenship of Yasyn Khamid while the protests were taking place departed from the Kremlin?,I don't know.,Soviet flag,0.0,0.0,0.0,0.0,0.0,0.0,0.0,0.0,[]
3hop1__593597_40769_64047,No-RAG,3,3hop1,When did the luxury division of the manufacturer of Scion Fuse change the body style of the RX 350?,I don't know.,Sales began worldwide in April 2012,0.0,0.0,0.0,0.0,0.0,0.0,0.0,0.0,[]
3hop1__222497_309482_41132,No-RAG,3,3hop1,How many times did plague occur in Al gran sole carico d'amore's composer's work location?,I don't know.,22,0.0,0.0,0.0,0.0,0.0,0.0,0.0,0.0,[]
3hop1__754160_831637_91775,No-RAG,3,3hop1,"What does seal stand for in the U.S. military branch that operates a list of destroyer classes, as well as the USS Dextrous?",I don't know.,"Sea, Air, and Land",0.0,0.0,0.0,0.0,0.0,0.0,0.0,0.0,[]
3hop1__135659_87694_124169,No-RAG,3,3hop1,"When was the end of the Governor of the city containing the head of Catholicism, and the Basilica named for the saint who the Mantua Cathedral is also named for?",I don't know.,1952,0.0,0.0,0.0,0.0,0.0,0.0,0.0,0.0,[]
3hop2__607269_467331_162182,No-RAG,3,3hop2,In what region of the country where Ha Hoa is located is the city where Zone 5 Military Museum is found?,I don't know.,South Central Coast,0.0,0.0,0.0,0.0,0.0,0.0,0.0,0.0,[]
3hop1__73796_87694_64412,No-RAG,3,3hop1,When did the location of the basilica named after the apostle crucified upside down become its own country?,I don't know.,11 February 1929,0.0,0.0,0.0,0.0,0.0,0.0,0.0,0.0,[]
3hop1__516535_834494_33939,No-RAG,3,3hop1,"In 1900, what was the population of the city in the same county as Allen?",I don't know.,"7,531",0.0,0.0,0.0,0.0,0.0,0.0,0.0,0.0,[]
3hop1__107195_160713_77246,No-RAG,3,3hop1,What is the meaning in the Arabic dictionary of the word which also refers to the majority religion of what became India when the country whose business news is covered by Corporate Corridor was created?,Islam,the country of India,0.0,0.0,0.0,0.0,0.0,0.0,0.0,0.0,[]
3hop1__268450_503371_21711,No-RAG,3,3hop1,When was the Palau de la Generalitat built in the city in which died the man called Martin of the region of Spain where Berdejo is located?,I don't know.,built in the 15th century,0.0,0.0,0.0,0.0,0.0,0.0,0.0,0.0,[]
3hop2__304722_796034_63959,No-RAG,3,3hop2,When was the last time the sports team employing Winston Foster beat the 1894-95 FA Cup winner?,I don't know.,1 December 2010,0.0,0.0,0.0,0.0,0.0,0.0,0.0,0.0,[]
3hop1__857_846_7795,No-RAG,3,3hop1,"In 2011, what was the estimated population of the city where the Yongle emperor greeted the person to whom the edict was addressed?",I don't know.,8.11 million,0.0,0.0,0.0,0.0,0.0,0.0,0.0,0.0,[]
3hop1__127821_157828_162309,No-RAG,3,3hop1,When did the country using Olivera Marković's native language as one of its official languages first have its own Olympic team?,I don't know.,2016,0.0,0.0,0.0,0.0,0.0,0.0,0.0,0.0,[]
3hop1__497845_629431_124169,No-RAG,3,3hop1,On what date did the Governor of the place of death of Princeps Pastorum's author end?,I don't know.,1952,0.0,0.0,0.0,0.0,0.0,0.0,0.0,0.0,[]
3hop1__135793_87694_64412,No-RAG,3,3hop1,When did the location of the basilica named after the same saint at San Pietro in Ciel d'Oro become its own country?,I don't know.,11 February 1929,0.0,0.0,0.0,0.0,0.0,0.0,0.0,0.0,[]
3hop2__809962_89048_66294,No-RAG,3,3hop2,Who played the man named identically to the singer of Is She Really Going Out With Him in the movie about the composer of Speechless?,I don't know.,Lawrence Hilton - Jacobs,0.0,0.0,0.0,0.0,0.0,0.0,0.0,0.0,[]
3hop1__139862_2053_52946,No-RAG,3,3hop1,"When is Celebrity Big Brother coming to the network which, along with ABC and the network which broadcasted Highway to Heaven, is the other major broadcaster based in NY?",I don't know.,"February 7, 2018",0.0,0.0,0.0,0.0,0.0,0.0,0.0,0.0,[]
3hop2__132957_132967_40768,No-RAG,3,3hop2,"When did the maker of the Acura Legend, the company that built Daihatsu Boon, and Nissan open US assembly plants?",1986,1981,0.0,0.0,0.0,0.0,0.0,0.0,0.0,0.0,[]
3hop1__699507_792411_51423,No-RAG,3,3hop1,What is the name of the castle in the place where the performer of Dragon Dreams was born?,I don't know.,Casa Loma,0.0,0.0,0.0,0.0,0.0,0.0,0.0,0.0,[]
3hop1__131110_39743_24526,No-RAG,3,3hop1,"In the state that includes Walnut Spring, what's the typical winter daytime temperature range in the region of Richmond?",I don't know.,upper 40s–lower 50s °F,0.0,0.0,0.0,0.0,0.0,0.0,0.0,0.0,[]
3hop1__595371_40769_64047,No-RAG,3,3hop1,When did the RX 350 from the Scion xB manufacturer's luxury division change body style?,I don't know.,Sales began worldwide in April 2012,0.0,0.0,0.0,0.0,0.0,0.0,0.0,0.0,[]
3hop1__147225_30587_83479,No-RAG,3,3hop1,What was Germany's goal in the Battle of the ocean adjacent to the city Herbert Saffir died in?,I don't know.,to stem the flow of merchant shipping that enabled Britain to keep fighting,0.0,0.0,0.0,0.0,0.0,0.0,0.0,0.0,[]
3hop1__707569_228453_10972,No-RAG,3,3hop1,When did the headquarters city of the Fireball Cinnamon Whiskey manufacturer elect its first black mayor?,I don't know.,1970s,0.0,0.0,0.0,0.0,0.0,0.0,0.0,0.0,[]
3hop1__695430_831637_91775,No-RAG,3,3hop1,What does SEAL stand for in the military group that is part of the branch that operates the USS Chillicothe?,"SEAL stands for Sea, Air, Land.","Sea, Air, and Land",0.0,0.6,0.0,0.0,0.0,0.0,0.0,0.0,[]
3hop1__68802_89752_49923,No-RAG,3,3hop1,How many counties are there in the largest state in the region where the film The Family Stone was set?,I don't know.,sixteen,0.0,0.0,0.0,0.0,0.0,0.0,0.0,0.0,[]
3hop2__781093_467331_162182,No-RAG,3,3hop2,In what region of the country where Lam Thao is located is the city where the Zone 5 Military Museum can be found?,I don't know.,South Central Coast,0.0,0.0,0.0,0.0,0.0,0.0,0.0,0.0,[]
3hop1__857_846_7791,No-RAG,3,3hop1,How many parties rule the city where the Yongle emperor greeted the person to whom the edict was addressed?,I don't know.,one-party,0.0,0.0,0.0,0.0,0.0,0.0,0.0,0.0,[]
3hop2__20335_82856_9331,No-RAG,3,3hop2,"What dissolved the privileges in Poland of the empire that helped the patriots during the Revolutionary War, the Kingdom that acquired some Thuringian territory in 1815, and the Habsburg Monarchy?",Napoleonic Wars,March Constitution of Poland,0.0,0.0,0.0,0.0,0.0,0.0,0.0,0.0,[]
3hop1__346812_15840_36002,No-RAG,3,3hop1,What were the Genesis's advantages over the platform that plays Drac's Night Out?,I don't know.,built on 16-bit architectures and offered improved graphics and sound,0.0,0.0,0.0,0.0,0.0,0.0,0.0,0.0,[]
3hop1__144439_443779_52195,No-RAG,3,3hop1,who is the president of newly declared independent country of the country of the birthplace of Mulham Arufin–Timor Leste Commission of Truth and Friendship?,I don't know.,Francisco Guterres,0.0,0.0,0.0,0.0,0.0,0.0,0.0,0.0,[]
3hop2__326964_263934_7713,No-RAG,3,3hop2,How long had the place of birth of Tang Jinhua been the capital city of the Yaxing Coach headquarters location?,I don't know.,about 400 years,0.0,0.0,0.0,0.0,0.0,0.0,0.0,0.0,[]
3hop1__395211_503371_21711,No-RAG,3,3hop1,When was the Palau de la Generalitat constructed in the city where Martin from where Mianos is located died?,I don't know.,built in the 15th century,0.0,0.0,0.0,0.0,0.0,0.0,0.0,0.0,[]
3hop1__773623_87694_124169,No-RAG,3,3hop1,On what date did Governor of the location of the Basilica named after the same saint as Đakovo Cathedral and the head of the catholic religion end?,I don't know.,1952,0.0,0.0,0.0,0.0,0.0,0.0,0.0,0.0,[]
3hop1__765847_831637_91775,No-RAG,3,3hop1,What does SEAL stand for in the branch of military that operates USS Mahan?,SEAL stands for Special Operations Forces SEAL Team.,"Sea, Air, and Land",0.0,0.0,0.0,0.0,0.0,0.0,0.0,0.0,[]
3hop1__836699_15840_36002,No-RAG,3,3hop1,What were the Genesis's advantages over the platform of the game Nightshade?,I don't know.,built on 16-bit architectures and offered improved graphics and sound,0.0,0.0,0.0,0.0,0.0,0.0,0.0,0.0,[]
3hop1__622145_42197_18397,No-RAG,3,3hop1,Where did the arguer that Boris Lagutin's country of citizenship had become an imperialist power declare he would intervene in the Korean conflict?,I don't know.,the Politburo,0.0,0.0,0.0,0.0,0.0,0.0,0.0,0.0,[]
3hop1__139773_88110_77129,No-RAG,3,3hop1,"What was the first OS to support the Hyper-V protocol, developed by the company that the letters MS stand for, in the network where The Rachel Maddow Show is found?",I don't know.,Windows 8,0.0,0.0,0.0,0.0,0.0,0.0,0.0,0.0,[]
3hop2__127483_91678_10557,No-RAG,3,3hop2,What was the language Auctor comes from during the era of the man crowned first Holy Roman Emperor later known as?,Latin,Medieval Latin,0.0,0.6666666666666666,0.0,0.0,0.0,0.0,0.0,0.0,[]
3hop1__23058_20608_36327,No-RAG,3,3hop1,What did Bloomberg name the country formerly known as the region where the Spanish and Portuguese took most of their slaves from?,Nigeria,top emerging market economy in Africa,0.0,0.0,0.0,0.0,0.0,0.0,0.0,0.0,[]
3hop1__462125_538202_84283,No-RAG,3,3hop1,Who is the owner of the record label that the performer of Days of Our Lives is on?,I don't know.,Warner Music Group,0.0,0.0,0.0,0.0,0.0,0.0,0.0,0.0,[]
3hop2__156850_90098_10557,No-RAG,3,3hop2,"What was the version of the language where the last name Sylvester originates, used in the era of Fastrada's spouse, later known as?",I don't know.,Medieval Latin,0.0,0.0,0.0,0.0,0.0,0.0,0.0,0.0,[]
3hop2__106842_30645_84681,No-RAG,3,3hop2,When did the people who first settled the Delaware Valley come to the country which produced the show @Seven?,I don't know.,13 December 1642,0.0,0.0,0.0,0.0,0.0,0.0,0.0,0.0,[]
3hop2__782397_223623_162182,No-RAG,3,3hop2,In what region of Phu Luong's country is John Phan's birthplace located?,I don't know.,South Central Coast,0.0,0.0,0.0,0.0,0.0,0.0,0.0,0.0,[]
3hop1__823336_228453_86925,No-RAG,3,3hop1,What is the symbol of the Saints from the headquarters location of Ten High's manufacturer called?,I don't know.,fleur - de-lis,0.0,0.0,0.0,0.0,0.0,0.0,0.0,0.0,[]
3hop2__668732_223623_162182,No-RAG,3,3hop2,In what region of the country where An Phu is located is John Phan's birthplace?,I don't know.,South Central Coast,0.0,0.0,0.0,0.0,0.0,0.0,0.0,0.0,[]
3hop1__31995_24918_24939,No-RAG,3,3hop1,The leader visiting where Steven Spielberg's grandparents are from met with whom on November 22?,I don't know.,Pope John Paul II,0.0,0.0,0.0,0.0,0.0,0.0,0.0,0.0,[]
3hop1__280834_547811_41132,No-RAG,3,3hop1,How many times did plague occur in the place where Bajazet's composer was born?,I don't know.,22,0.0,0.0,0.0,0.0,0.0,0.0,0.0,0.0,[]
3hop1__773338_42197_18397,No-RAG,3,3hop1,Where did the arguer that Yuri Bogatyryov's country of citizenship had become an imperialist power declare he would intervene in the Korean conflict?,I don't know.,the Politburo,0.0,0.0,0.0,0.0,0.0,0.0,0.0,0.0,[]
3hop1__140554_2053_5289,No-RAG,3,3hop1,"What label was bought by the company which, along with ABC and the network which hosts Westinghouse Playhouse, is the other major broadcaster based in NY?",CBS Records,Oriole Records.,0.0,0.5,0.0,0.0,0.0,0.0,0.0,0.0,[]
3hop1__354480_834494_34088,No-RAG,3,3hop1,Where do they hold NASCAR races in the city that is in the same county as the Eric Marcus Municipal Airport?,I don't know.,Tucson Raceway Park,0.0,0.0,0.0,0.0,0.0,0.0,0.0,0.0,[]
3hop2__89048_228_66294,No-RAG,3,3hop2,Who played who sang is she really going out with him in the who influenced Beyonce movie?,I don't know.,Lawrence Hilton - Jacobs,0.0,0.0,0.0,0.0,0.0,0.0,0.0,0.0,[]
3hop1__103662_443779_52195,No-RAG,3,3hop1,Who is the president of the newly declared independent country that is part of the Commission of Truth and Friendship with Radiansyah's birth country?,I don't know.,Francisco Guterres,0.0,0.0,0.0,0.0,0.0,0.0,0.0,0.0,[]
3hop1__857_846_7877,No-RAG,3,3hop1,Who many major sports centers are located in where the Yongle Emporer did great who the edict was addressed to?,I don't know.,two,0.0,0.0,0.0,0.0,0.0,0.0,0.0,0.0,[]
3hop1__140554_2053_52946,No-RAG,3,3hop1,"When is Celebrity Big Brother coming to the network which, along with ABC and the network which hosts Westinghouse Playhouse, is the other major broadcaster based in NY?",I don't know.,"February 7, 2018",0.0,0.0,0.0,0.0,0.0,0.0,0.0,0.0,[]
3hop1__837871_831637_91775,No-RAG,3,3hop1,What does seal stand for in the operator of the list of destroyer classes of the operator of the USS Tringa seals?,I don't know.,"Sea, Air, and Land",0.0,0.0,0.0,0.0,0.0,0.0,0.0,0.0,[]
3hop1__480375_709625_84283,No-RAG,3,3hop1,Who is the owner of the record label of the Please Remember Me performer?,I don't know.,Warner Music Group,0.0,0.0,0.0,0.0,0.0,0.0,0.0,0.0,[]
3hop2__132957_595371_40768,No-RAG,3,3hop2,"When did the maker of the Acura Legend, the manufacturer of the Scion xB, and Nissan, open US assembly plants?",I don't know.,1981,0.0,0.0,0.0,0.0,0.0,0.0,0.0,0.0,[]
3hop1__346812_15840_36014,No-RAG,3,3hop1,What was Nintendo's limit on games per developer per year on the platform that plays Drac's Night Out?,I don't know.,five,0.0,0.0,0.0,0.0,0.0,0.0,0.0,0.0,[]
3hop1__831162_831637_91775,No-RAG,3,3hop1,What does SEAL stand for in the military group that is part of the military branch that operates USS Dour?,"SEAL stands for Sea, Air, Land.","Sea, Air, and Land",0.0,0.6,0.0,0.0,0.0,0.0,0.0,0.0,[]
3hop1__373866_5189_63702,No-RAG,3,3hop1,When did the U.S. and the country in effective control of political and military functions of the group the People's Socialist Republic of Albania was a member of become allies?,I don't know.,June 1941,0.0,0.0,0.0,0.0,0.0,0.0,0.0,0.0,[]
3hop1__617062_127905_80286,No-RAG,3,3hop1,Who has the most hits in the history of the organization that includes the team Jim Wilson was released by?,I don't know.,Pete Rose,0.0,0.0,0.0,0.0,0.0,0.0,0.0,0.0,[]
3hop2__222979_380281_40768,No-RAG,3,3hop2,"When did the team that John Surtees is a member of, the owner of Scion, and Nissan open US assembly plants?",I don't know.,1981,0.0,0.0,0.0,0.0,0.0,0.0,0.0,0.0,[]
3hop1__140786_2053_5289,No-RAG,3,3hop1,"What UK label was bought by the major broadcaster that, along with ABC and the network of the show Just Men!?, is based in New York?",I don't know.,Oriole Records.,0.0,0.0,0.0,0.0,0.0,0.0,0.0,0.0,[]
3hop1__354480_834494_34053,No-RAG,3,3hop1,What was the wettest year for the city within the county that houses Eric Marcus Municipal Airport?,I don't know.,1905,0.0,0.0,0.0,0.0,0.0,0.0,0.0,0.0,[]
3hop1__86965_488922_4093,No-RAG,3,3hop1,What is the term for the prime minister in the country where legislators are elected for six year terms?,I don't know.,Wazir-e-Azam,0.0,0.0,0.0,0.0,0.0,0.0,0.0,0.0,[]
3hop2__93066_88342_90766,No-RAG,3,3hop2,When was the last time the winner of the American League East in 2017 met the Dodgers in the event after which the MLB MVP award is given out?,I don't know.,1981,0.0,0.0,0.0,0.0,0.0,0.0,0.0,0.0,[]
3hop1__671542_651917_47686,No-RAG,3,3hop1,Where do greyhound buses leave from in the city where the performer of Darlings was born?,I don't know.,Toronto Coach Terminal,0.0,0.0,0.0,0.0,0.0,0.0,0.0,0.0,[]
3hop1__186307_503371_21711,No-RAG,3,3hop1,When was the Palau de la Generalitat constructed in the city where Martin from where Jaulin is located died?,I don't know.,built in the 15th century,0.0,0.0,0.0,0.0,0.0,0.0,0.0,0.0,[]
3hop1__527372_339990_54675,No-RAG,3,3hop1,"What mountains can you see from Portland, in the state with the county that contains Fester Hollow?",I don't know.,Tualatin Mountains,0.0,0.0,0.0,0.0,0.0,0.0,0.0,0.0,[]
3hop1__818422_160545_34751,No-RAG,3,3hop1,What year did the country where the place of birth of Beatrice Heuser is located form an alliance with Japan?,I don't know.,1941,0.0,0.0,0.0,0.0,0.0,0.0,0.0,0.0,[]
3hop2__802066_223623_162182,No-RAG,3,3hop2,"In what region of the country where Châu Đức is found, is the birthplace of John Phan?",I don't know.,South Central Coast,0.0,0.0,0.0,0.0,0.0,0.0,0.0,0.0,[]
3hop1__66872_709625_84283,No-RAG,3,3hop1,Who owns the record label of the Till I Can Gain Control Again songwriter?,I don't know.,Warner Music Group,0.0,0.0,0.0,0.0,0.0,0.0,0.0,0.0,[]
3hop2__304722_781203_63959,No-RAG,3,3hop2,When was the last time the team who Bernard Lowe was a member of beat the winner of the 1894-95 FA Cup?,I don't know.,1 December 2010,0.0,0.0,0.0,0.0,0.0,0.0,0.0,0.0,[]
3hop2__14777_8533_9331,No-RAG,3,3hop2,"What dissolved privileges in Poland held by the empire that used Pan-Slavism as a tool, the leader of the North German Confederation during the Franco-Prussian War, and the Habsburg Monarchy?",Austria-Hungary,March Constitution of Poland,0.0,0.0,0.0,0.0,0.0,0.0,0.0,0.0,[]
3hop2__132957_132798_40768,No-RAG,3,3hop2,"When did the make of Acura Legend, the company that made toyopet Master and Nissan open US assembly plants?",1982,1981,0.0,0.0,0.0,0.0,0.0,0.0,0.0,0.0,[]
3hop1__835193_160713_77246,No-RAG,3,3hop1,In the Arabic dictionary what is the meaning of the word that also refers to the majority religion in India when the country containing Attabad was created?,I don't know.,the country of India,0.0,0.0,0.0,0.0,0.0,0.0,0.0,0.0,[]
3hop1__105126_443779_52195,No-RAG,3,3hop1,Who is the president of the newly declared independent country part of the Commission of Truth and Friendship with the country where Gado-gado is found?,I don't know.,Francisco Guterres,0.0,0.0,0.0,0.0,0.0,0.0,0.0,0.0,[]
3hop1__152880_131926_89261,No-RAG,3,3hop1,Where does the body of water by the city that Astronautalis is from empty into the gulf of Mexico?,I don't know.,the Mississippi River Delta,0.0,0.0,0.0,0.0,0.0,0.0,0.0,0.0,[]
3hop1__524212_831637_91775,No-RAG,3,3hop1,What does SEAL stand for in the military group that is part of the branch that operates the USS Askari?,"SEAL stands for Sea, Air, Land.","Sea, Air, and Land",0.0,0.6,0.0,0.0,0.0,0.0,0.0,0.0,[]
3hop2__132957_133264_40768,No-RAG,3,3hop2,"When did Nissan, the Acura Legend maker and the Scion Fuse manufacturer open US assembly plants?",I don't know.,1981,0.0,0.0,0.0,0.0,0.0,0.0,0.0,0.0,[]
3hop2__31398_2130_2232,No-RAG,3,3hop2,"What franchise of the pro soccer organization headquartered in New York, is based in the city that produced the album considered the true portrait of the No Wave movement?",Red Bull Salzburg,New York City FC,0.0,0.0,0.0,0.0,0.0,0.0,0.0,0.0,[]
3hop1__820301_720914_27537,No-RAG,3,3hop1,Why did Roncalli leave the place where Crucifixion's creator died?,I don't know.,for the conclave in Rome,0.0,0.0,0.0,0.0,0.0,0.0,0.0,0.0,[]
3hop1__662413_42197_18397,No-RAG,3,3hop1,Where did the arguer that Kirill Eskov's country of citizenship had become an imperialist power declare he would intervene in the Korean conflict?,I don't know.,the Politburo,0.0,0.0,0.0,0.0,0.0,0.0,0.0,0.0,[]
3hop2__326964_7707_7713,No-RAG,3,3hop2,How long had the city considered the nominal capitol of the Republic of China been the capitol city of Yaxing Coach's headquarters location?,I don't know.,about 400 years,0.0,0.0,0.0,0.0,0.0,0.0,0.0,0.0,[]
3hop1__64957_87694_64412,No-RAG,3,3hop1,When did the city that contains the basilica named after the saint who is holding a knife in the last supper become a country?,I don't know.,11 February 1929,0.0,0.0,0.0,0.0,0.0,0.0,0.0,0.0,[]
3hop1__145427_106426_77199,No-RAG,3,3hop1,When did the USA declare war on the country that produced The Longest Night in the city where You Wenhui was born?,I don't know.,"December 8, 1941",0.0,0.0,0.0,0.0,0.0,0.0,0.0,0.0,[]
3hop1__756602_831637_91775,No-RAG,3,3hop1,What does seal stand for in the U.S. military branch that operates a list of destroyer classes as well as the USS Jason?,"Seal stands for Naval Special Warfare Development Group. However, this doesn't directly relate to the USS Jason or destroyer classes. The term ""Seal"" refers to members of the United States Navy SEALs.","Sea, Air, and Land",0.0,0.0,0.0,0.0,0.0,0.0,0.0,0.0,[]
3hop1__6362_14336_21111,No-RAG,3,3hop1,The population of the country that worked with the outfit behind Man in Space Soonest numbers how much?,I don't know.,6 million,0.0,0.0,0.0,0.0,0.0,0.0,0.0,0.0,[]
3hop1__816887_127905_80286,No-RAG,3,3hop1,Who has the most hits in the league of the team that Dick Aylward plays for?,I don't know.,Pete Rose,0.0,0.0,0.0,0.0,0.0,0.0,0.0,0.0,[]
3hop1__241085_42197_18397,No-RAG,3,3hop1,Where did the arguer that Yekaterina Fesenko's country of citizenship had become an imperialist power declare he would intervene in the Korean conflict?,I don't know.,the Politburo,0.0,0.0,0.0,0.0,0.0,0.0,0.0,0.0,[]
3hop1__487301_443779_52195,No-RAG,3,3hop1,Who is the president of newly declared independent country part of the Commission of Truth and Friendship with the country where Kaimana is located?,I don't know.,Francisco Guterres,0.0,0.0,0.0,0.0,0.0,0.0,0.0,0.0,[]
3hop1__146155_131905_41948,No-RAG,3,3hop1,"Besides the body of water by the city where Nicolaus Schuback died and the Irish Channel, what else was lowered in the last cold phase?",Ice sheets,English Channel,0.0,0.0,0.0,0.0,0.0,0.0,0.0,0.0,[]
3hop1__315504_629431_124169,No-RAG,3,3hop1,When was the end date for the position of Governor of the place where the author of Mater et Magistra died?,I don't know.,1952,0.0,0.0,0.0,0.0,0.0,0.0,0.0,0.0,[]
3hop1__351696_42197_18397,No-RAG,3,3hop1,Where did the person who argued that the country where Ural Oblast is located had become an imperialist power declare he would intervene in the Korean conflict?,I don't know.,the Politburo,0.0,0.0,0.0,0.0,0.0,0.0,0.0,0.0,[]
3hop1__617062_127905_89859,No-RAG,3,3hop1,When does the sport which has Jim Wilson's Cleveland team as a member start the regular season?,I don't know.,"March 29, 2018",0.0,0.0,0.0,0.0,0.0,0.0,0.0,0.0,[]
3hop1__178435_547811_41132,No-RAG,3,3hop1,How many times did plague occur in the birthplace of the composer of Gloria in D Major?,I don't know.,22,0.0,0.0,0.0,0.0,0.0,0.0,0.0,0.0,[]
3hop1__255970_831637_91775,No-RAG,3,3hop1,The military unit that operates destroyers and once had a ship named the USS Sanderling has a force called the seals. What does seal stand for?,"SEALs stands for Sea, Air, Land.","Sea, Air, and Land",0.0,0.6,0.0,0.0,0.0,0.0,0.0,0.0,[]
3hop1__504362_443779_52195,No-RAG,3,3hop1,Who is the president of the new country that jointly established a Commission of Truth and Friendship with the country that Solor is a part of?,I don't know.,Francisco Guterres,0.0,0.0,0.0,0.0,0.0,0.0,0.0,0.0,[]
3hop1__140345_2053_52946,No-RAG,3,3hop1,"When is Celebrity Big Brother coming to the network which, along with ABC and the network which aired Law of the Plainsman, is the other major broadcaster based in NY?",I don't know.,"February 7, 2018",0.0,0.0,0.0,0.0,0.0,0.0,0.0,0.0,[]
3hop2__19639_90098_10557,No-RAG,3,3hop2,"What was the version of the language where the last name Sylvester originates, used in the era of the king that united the tribes in the 9th century, later called?",Old English,Medieval Latin,0.0,0.0,0.0,0.0,0.0,0.0,0.0,0.0,[]
3hop2__43892_23308_28343,No-RAG,3,3hop2,When did the troops of the country blamed for the stagnation and failure of the Tripartite discussion leave the country that receives the most U.S. foreign aid?,I don't know.,February 1989,0.0,0.0,0.0,0.0,0.0,0.0,0.0,0.0,[]
3hop2__90098_60649_10557,No-RAG,3,3hop2,What was the language from which the last name Sylvester originates during the era of the Frankish king who formed the Holy Roman Empire later known as?,Latin,Medieval Latin,0.0,0.6666666666666666,0.0,0.0,0.0,0.0,0.0,0.0,[]
3hop1__354480_834494_34099,No-RAG,3,3hop1,How long are the city council terms in the city that is in the same county as Eric Marcus Municipal Airport?,I don't know.,four-year,0.0,0.0,0.0,0.0,0.0,0.0,0.0,0.0,[]
3hop1__103890_10659_67187,No-RAG,3,3hop1,"Who was the first elected president of the country where, along with the nation where Ágnes Konkoly is from, many expelled French Jews relocated to?",I don't know.,Gabriel Narutowicz,0.0,0.0,0.0,0.0,0.0,0.0,0.0,0.0,[]
3hop1__534450_831637_91775,No-RAG,3,3hop1,What does seal stand for in the division of the U.S. military branch that operates destroyer classes and the USS Chinquapin?,Seal stands for Naval Special Warfare.,"Sea, Air, and Land",0.0,0.0,0.0,0.0,0.0,0.0,0.0,0.0,[]
3hop2__90098_125104_10557,No-RAG,3,3hop2,"What was the form of the language that the last name Sylvester comes from, used in the era of Rotrude's father, later known as?",I don't know.,Medieval Latin,0.0,0.0,0.0,0.0,0.0,0.0,0.0,0.0,[]
3hop1__603558_87694_124169,No-RAG,3,3hop1,"When was the end of the governorship where the head of Catholicism is, along with the basilica named after the saint who San Pietro in Ciel d'Oro is named for?",I don't know.,1952,0.0,0.0,0.0,0.0,0.0,0.0,0.0,0.0,[]
3hop2__57233_11282_56883,No-RAG,3,3hop2,When was conscription introduced in country having Emus during the war setting The Things They Carried?,I don't know.,1964,0.0,0.0,0.0,0.0,0.0,0.0,0.0,0.0,[]
3hop1__9285_5188_63702,No-RAG,3,3hop1,"When did the country where the top-ranking Warsaw Pact operatives originated, despite its being headquartered in the nation known as the nobilities commonwealth, become allies with the US?",I don't know.,June 1941,0.0,0.0,0.0,0.0,0.0,0.0,0.0,0.0,[]
3hop2__57233_105140_56883,No-RAG,3,3hop2,"During the war in which The Things They Carried is set, when was conscription introduced by the country where the film Grievous Bodily Harm was later released?",I don't know.,1964,0.0,0.0,0.0,0.0,0.0,0.0,0.0,0.0,[]
3hop1__210639_147339_51423,No-RAG,3,3hop1,What is the name of the castle in the city where the creator of Scene in the Northwest: Portrait of John Henry Lefroy died?,I don't know.,Casa Loma,0.0,0.0,0.0,0.0,0.0,0.0,0.0,0.0,[]
3hop1__90327_78276_68042,No-RAG,3,3hop1,When did the majority party in the body which approves members of the American Cabinet gain control of the House?,I don't know.,the 2010 election,0.0,0.0,0.0,0.0,0.0,0.0,0.0,0.0,[]
3hop2__326964_7861_7713,No-RAG,3,3hop2,How long had the city containing some of the finest and oldest museums in China been the capitol city of Yaxing Coach's headquarters location?,I don't know.,about 400 years,0.0,0.0,0.0,0.0,0.0,0.0,0.0,0.0,[]
3hop1__161507_160713_77246,No-RAG,3,3hop1,What is the meaning of the word that is also a majority religion in the area that became India when the country where Masherbrum is located was created in the Arabic dictionary?,I don't know.,the country of India,0.0,0.0,0.0,0.0,0.0,0.0,0.0,0.0,[]
3hop2__87184_90327_76291,No-RAG,3,3hop2,When did the majority party in the House of Representatives gain control of the body which approves members of the Cabinet?,I don't know.,January 2015,0.0,0.0,0.0,0.0,0.0,0.0,0.0,0.0,[]
3hop1__104237_214799_259594,No-RAG,3,3hop1,What is the abbreviated form of the name of the country where Alfred Kurella hails from?,I don't know.,GDR,0.0,0.0,0.0,0.0,0.0,0.0,0.0,0.0,[]
3hop1__208108_547811_41132,No-RAG,3,3hop1,How many times did plague occur in the birthplace of La Silvia's composer?,I don't know.,22,0.0,0.0,0.0,0.0,0.0,0.0,0.0,0.0,[]
3hop1__128516_30587_83479,No-RAG,3,3hop1,What was Germany's main goal in the battle of the ocean adjacent to the US city having WEDR?,I don't know.,to stem the flow of merchant shipping that enabled Britain to keep fighting,0.0,0.0,0.0,0.0,0.0,0.0,0.0,0.0,[]
3hop2__132957_379231_40768,No-RAG,3,3hop2,"When did Nissan, the Acura Legend maker and the Scion xD manufacturer open US assembly plants?",I don't know.,1981,0.0,0.0,0.0,0.0,0.0,0.0,0.0,0.0,[]
3hop1__617062_127905_86588,No-RAG,3,3hop1,What is the longest home run in the history of the league that Jim Wilson's team is a part of?,I don't know.,582 feet (177 m),0.0,0.0,0.0,0.0,0.0,0.0,0.0,0.0,[]
3hop1__742464_15840_36014,No-RAG,3,3hop1,What was Nintendo's limit on games per developer per year on the platform of Robodemons?,I don't know.,five,0.0,0.0,0.0,0.0,0.0,0.0,0.0,0.0,[]
3hop1__30240_740597_41132,No-RAG,3,3hop1,How many times did plague occur in the birthplace of the person who used the spice route that the Ottoman Empire controlled?,I don't know.,22,0.0,0.0,0.0,0.0,0.0,0.0,0.0,0.0,[]
3hop1__374018_160713_77246,No-RAG,3,3hop1,What is the meaning of the word that is also the majority religion in India when the country where Dubbi is located was created in the Arabic dictionary?,I don't know.,the country of India,0.0,0.0,0.0,0.0,0.0,0.0,0.0,0.0,[]
3hop1__465684_160545_60577,No-RAG,3,3hop1,Where did they film The Beach in the country where Bodindecha died?,I don't know.,Ko Phi Phi Leh,0.0,0.0,0.0,0.0,0.0,0.0,0.0,0.0,[]
3hop1__92991_78276_68042,No-RAG,3,3hop1,When did the majority party in the body which determines the rules of the US House and US Senate gain control of the House?,"January 3, 2023",the 2010 election,0.0,0.0,0.0,0.0,0.0,0.0,0.0,0.0,[]
3hop1__602329_792411_51423,No-RAG,3,3hop1,What is the name of the castle in the birth city of the performer who recorded A Day in the Life?,I don't know.,Casa Loma,0.0,0.0,0.0,0.0,0.0,0.0,0.0,0.0,[]
3hop1__857_846_7752,No-RAG,3,3hop1,Who moved the capitol from the city where the Yongle emperor greeted the person to whom the edict was addressed to Beijing?,I don't know.,Yuan Shikai,0.0,0.0,0.0,0.0,0.0,0.0,0.0,0.0,[]
3hop2__90098_79978_10557,No-RAG,3,3hop2,"What was the language that the last name Sylvester comes from, used in the era of the individual crowned Roman Emperor in A.D. 800, later known as?",Latin,Medieval Latin,0.0,0.6666666666666666,0.0,0.0,0.0,0.0,0.0,0.0,[]
3hop2__782397_467331_162182,No-RAG,3,3hop2,"In what region of the country that contains Phu Luong, is the city that has the Zone 5 Military Museum located?",Central Highlands,South Central Coast,0.0,0.4,0.0,0.0,0.0,0.0,0.0,0.0,[]
3hop2__89854_90327_76291,No-RAG,3,3hop2,When did the party that hold the majority in the House of Reps take control of the branch that approves members of the American cabinet?,I don't know.,January 2015,0.0,0.0,0.0,0.0,0.0,0.0,0.0,0.0,[]
3hop2__92991_38242_76291,No-RAG,3,3hop2,"When did the party that had majorities in Congress prior to the 1954 elections, take control of the organization that determines the rules of the US house and US senate?",I don't know.,January 2015,0.0,0.0,0.0,0.0,0.0,0.0,0.0,0.0,[]
3hop1__438364_443779_52195,No-RAG,3,3hop1,Who is the president of the newly declared independent country that is part of the Commission of Truth and Friendship with the country where Kotamadya is located?,I don't know.,Francisco Guterres,0.0,0.0,0.0,0.0,0.0,0.0,0.0,0.0,[]
4hop3__524186_219173_862998_72134,No-RAG,4,4hop3,When did the city where Hillcrest High School is located become capitol of the state where the screenwriter of The Poor Boob was born?,I don't know.,1839,0.0,0.0,0.0,0.0,0.0,0.0,0.0,0.0,[]
4hop1__118068_582428_157828_162309,No-RAG,4,4hop1,"When did the country, whose co-official language was used by the director of Group Portrait with a Lady, first attend the Olympics as an independent team?",I don't know.,2016,0.0,0.0,0.0,0.0,0.0,0.0,0.0,0.0,[]
4hop2__9988_261673_70784_79935,No-RAG,4,4hop2,When was the region immediately north of the region that prevailed with the disgrace of Near East and the terrain feature on which shamal is located created?,I don't know.,1930,0.0,0.0,0.0,0.0,0.0,0.0,0.0,0.0,[]
4hop2__161602_426860_88460_21074,No-RAG,4,4hop2,Who runs the school system in the country that is the natural boundary between the country that hosted the tournament and the country where That Dam is located?,I don't know.,the Ministry of Education,0.0,0.0,0.0,0.0,0.0,0.0,0.0,0.0,[]
4hop1__166471_49925_13759_736921,No-RAG,4,4hop1,In what state is the district where the one who wanted to reform and address the institution behind the religion of Egidio Vagnozzi preached a sermon?,I don't know.,Saxony-Anhalt,0.0,0.0,0.0,0.0,0.0,0.0,0.0,0.0,[]
4hop2__567956_14670_8987_8529,No-RAG,4,4hop2,"Normalization occurred in Country A that invaded Country B because the military branch that Air Defense Artillery is part of was unprepared. when was the word ""Slavs"" used in the national anthem of Country B?",I don't know.,1943–1992,0.0,0.0,0.0,0.0,0.0,0.0,0.0,0.0,[]
4hop1__483807_508773_85832_745702,No-RAG,4,4hop1,Who's the son of the Italian navigator who explored the eastern coast of the continent Hugo Casillas was born in?,I don't know.,Sebastian Cabot,0.0,0.0,0.0,0.0,0.0,0.0,0.0,0.0,[]
4hop1__58323_375563_161848_20546,No-RAG,4,4hop1,Who discovered the country near the country of citizenship of the author of The Book Thief for the Dutch?,I don't know.,Abel Tasman,0.0,0.0,0.0,0.0,0.0,0.0,0.0,0.0,[]
4hop3__474028_88460_30152_20999,No-RAG,4,4hop3,How were people from whom new coins were a proclamation of independence by the Somali Muslim Ajuran Empire expelled from the natural boundary between Thailand and A Don's country?,I don't know.,The dynasty regrouped and defeated the Portuguese,0.0,0.0,0.0,0.0,0.0,0.0,0.0,0.0,[]
4hop3__524186_219173_128875_72134,No-RAG,4,4hop3,When did the town WLUJ is licensed in become the capital of the state where The Poor Boob's screenwriter was born?,I don't know.,1839,0.0,0.0,0.0,0.0,0.0,0.0,0.0,0.0,[]
4hop1__726152_153080_33897_81096,No-RAG,4,4hop1,Who won the Indy Car Race in the largest populated city of the state where the performer of Tijuana Moods is from?,I don't know.,Mario Andretti,0.0,0.0,0.0,0.0,0.0,0.0,0.0,0.0,[]
4hop1__370129_621192_10659_59955,No-RAG,4,4hop1,"What country is between Lithuania and the country many expelled French Jews relocated to, along with the country of citizenship of Marie Antoinette's mother?",Belarus,Kaliningrad Oblast,0.0,0.0,0.0,0.0,0.0,0.0,0.0,0.0,[]
4hop1__57467_53706_795904_580996,No-RAG,4,4hop1,What city shares a border with the city where a person worked during the gold rush in the state that has the most house of representatives seat?,I don't know.,Rio Linda,0.0,0.0,0.0,0.0,0.0,0.0,0.0,0.0,[]
4hop3__661103_698586_1926_54362,No-RAG,4,4hop3,Who burned down the city where Dunn Dunn's artist died in the war after which black people declined living in NYC?,I don't know.,Confederate Gen. John Bell Hood,0.0,0.0,0.0,0.0,0.0,0.0,0.0,0.0,[]
4hop2__161602_474028_88460_21074,No-RAG,4,4hop2,Who runs the school system in the country on the natural boundary between the country that hosted the tournament and the country where A Don is from?,I don't know.,the Ministry of Education,0.0,0.0,0.0,0.0,0.0,0.0,0.0,0.0,[]
4hop1__525129_315334_131926_87157,No-RAG,4,4hop1,"What is the direction of flow of the river by the city where the Lots More Blues, Rags and Hollers performer was formed?",I don't know.,rises in northern Minnesota and meanders slowly southwards,0.0,0.0,0.0,0.0,0.0,0.0,0.0,0.0,[]
4hop1__88342_75218_128008_87812,No-RAG,4,4hop1,When is the opening day of the league in which the team with the most games in the series after which the MLB MVP is awarded plays?,I don't know.,"Thursday, March 29",0.0,0.0,0.0,0.0,0.0,0.0,0.0,0.0,[]
4hop1__711307_49925_13759_736921,No-RAG,4,4hop1,"The German priest, who wanted Jean Hengen's religious denomination to reform, preached a sermon on Marian devotion a month before his death in what German state?",I don't know.,Saxony-Anhalt,0.0,0.0,0.0,0.0,0.0,0.0,0.0,0.0,[]
4hop1__9007_698949_157828_239539,No-RAG,4,4hop1,The original language of the film titled and about the city of Tito's final resting place is the co-official language of a country. Where are the headquarters for that country's national radio and TV broadcaster?,I don't know.,Pristina,0.0,0.0,0.0,0.0,0.0,0.0,0.0,0.0,[]
4hop3__130404_29339_508306_70744,No-RAG,4,4hop3,"Who has more national championships, the university where Fort Hill is, or the university in the state where Edwards won the primary, along with winning in the state containing WDXQ?",I don't know.,University of South Carolina,0.0,0.0,0.0,0.0,0.0,0.0,0.0,0.0,[]
4hop1__836115_49925_13759_736921,No-RAG,4,4hop1,Where is the district that the person who wanted to reform and address Vincentas Sladkevičius' religion preached a sermon on Marian devotion before his death located?,Kaunas,Saxony-Anhalt,0.0,0.0,0.0,0.0,0.0,0.0,0.0,0.0,[]
4hop1__860115_798482_131926_89261,No-RAG,4,4hop1,Where does the river by the city sharing a border with Elizabeth Berg's birthplace empty into the Gulf of Mexico?,I don't know.,the Mississippi River Delta,0.0,0.0,0.0,0.0,0.0,0.0,0.0,0.0,[]
4hop1__88342_75218_128008_67954,No-RAG,4,4hop1,Who won the All-Star MVP for the league that the team that has attended the competition where they give out the MLB MVP award after the most?,I don't know.,Alex Bregman,0.0,0.0,0.0,0.0,0.0,0.0,0.0,0.0,[]
4hop3__129318_29339_508306_70744,No-RAG,4,4hop3,University of the state having Fort Hill or university of the state whose primary was won by Edwards besides the state having James B. Simmons House has more national championships?,I don't know.,University of South Carolina,0.0,0.0,0.0,0.0,0.0,0.0,0.0,0.0,[]
4hop3__373866_5189_38229_86687,No-RAG,4,4hop3,A group of nations of which the People's Socialist Republic of Albania was a member was controlled by one country. When did that country agree to a unified Germany inside of the organization Eisenhower would not discuss during the campaign?,I don't know.,May 1990,0.0,0.0,0.0,0.0,0.0,0.0,0.0,0.0,[]
4hop3__270458_88460_30152_20999,No-RAG,4,4hop3,How were the same people who the Somali Muslim Ajuran Empire declared independence from expelled from the natural boundary between Thailand and the country where Nam Khan is found?,I don't know.,The dynasty regrouped and defeated the Portuguese,0.0,0.0,0.0,0.0,0.0,0.0,0.0,0.0,[]
4hop1__360072_508773_85832_745702,No-RAG,4,4hop1,Who is the child of the Italian navigator who sailed for England and explored the eastern coast of the continent Francisco Bojado's birthplace is located?,I don't know.,Sebastian Cabot,0.0,0.0,0.0,0.0,0.0,0.0,0.0,0.0,[]
4hop2__161602_426860_88460_63559,No-RAG,4,4hop2,When was Burma's name changed to that of the country on the natural boundary between the country that hosted the tournament and the country where That Dam is from?,I don't know.,1235,0.0,0.0,0.0,0.0,0.0,0.0,0.0,0.0,[]
4hop1__151650_5274_458768_33637,No-RAG,4,4hop1,How many ethnic minorities were looked at differently in the city where the headquarters of the only group larger than Desde El Principio's record label is located?,I don't know.,two,0.0,0.0,0.0,0.0,0.0,0.0,0.0,0.0,[]
4hop1__71715_59747_211319_557671,No-RAG,4,4hop1,Which county shares a border with the county where the most populous city in the state where the Dukes of Hazzard took place is located?,Glascock County,Presque Isle County,0.0,0.4,0.0,0.0,0.0,0.0,0.0,0.0,[]
4hop1__343844_17130_70784_79935,No-RAG,4,4hop1,When was the region immediately north of the region where Urim's country is located and the Persian Gulf created?,I don't know.,1930,0.0,0.0,0.0,0.0,0.0,0.0,0.0,0.0,[]
4hop1__364476_439408_131976_90181,No-RAG,4,4hop1,"What is the deepest part of the ocean, near the state, where the county that holds the city of Winchester is found?",I don't know.,Milwaukee Deep,0.0,0.0,0.0,0.0,0.0,0.0,0.0,0.0,[]
4hop2__71753_158279_70784_79935,No-RAG,4,4hop2,When was the region immediately north of the region where Israel is located and the final destination for the export crops created?,I don't know.,1930,0.0,0.0,0.0,0.0,0.0,0.0,0.0,0.0,[]
4hop1__819901_32392_823060_610794,No-RAG,4,4hop1,In which county is the city sharing a border with the capitol of the state where Johnson Hagood died?,I don't know.,Richland County,0.0,0.0,0.0,0.0,0.0,0.0,0.0,0.0,[]
4hop1__146971_698949_157828_162309,No-RAG,4,4hop1,When did the country that has the same co-official language as that of the movie about the city where Petar Trifunović died send an independent team to the Olympics?,I don't know.,2016,0.0,0.0,0.0,0.0,0.0,0.0,0.0,0.0,[]
4hop1__696484_49925_13759_736921,No-RAG,4,4hop1,Where is the district that the person who wanted to reform and address Bernhard Lichtenberg's religion preached a sermon on Marian devotion before his death located?,I don't know.,Saxony-Anhalt,0.0,0.0,0.0,0.0,0.0,0.0,0.0,0.0,[]
4hop1__21282_692112_214799_259594,No-RAG,4,4hop1,What is the abbreviation for Angela Merkel's original home country that once had border troops called the Deutsche Grenzpolizei?,Germany (DE),GDR,0.0,0.5,0.0,0.0,0.0,0.0,0.0,0.0,[]
4hop1__61681_53706_795904_580996,No-RAG,4,4hop1,What city shares a border with the city where a person went to work during the gold rush in the biggest state in the USA by population?,I don't know.,Rio Linda,0.0,0.0,0.0,0.0,0.0,0.0,0.0,0.0,[]
4hop1__370129_621192_10659_42311,No-RAG,4,4hop1,"What is the largest medical school in the nation where, along with the country of citizenship of the mother of Marie Antoinette, many expelled French Jews relocated?",New York University School of Medicine,Medical University of Warsaw,0.0,0.4,0.0,0.0,0.0,0.0,0.0,0.0,[]
4hop1__93963_170667_443779_52195,No-RAG,4,4hop1,"Who is the president of the newly declared independent country, that established the Timor Leste Commission of Truth and Friendship, with the country containing the airport that includes Lion Air?",I don't know.,Francisco Guterres,0.0,0.0,0.0,0.0,0.0,0.0,0.0,0.0,[]
4hop1__17192_17130_70784_79935,No-RAG,4,4hop1,When was the region immediately north of the region where the country that secured southern Lebanon is located and the Persian Gulf created?,I don't know.,1930,0.0,0.0,0.0,0.0,0.0,0.0,0.0,0.0,[]
4hop3__152056_698586_1926_54362,No-RAG,4,4hop3,Who burned down the death city of the artist responsible for Dunn Dunn in the war after which the first time black people declined in living in NYC?,I don't know.,Confederate Gen. John Bell Hood,0.0,0.0,0.0,0.0,0.0,0.0,0.0,0.0,[]
4hop1__131002_53706_795904_580996,No-RAG,4,4hop1,What city shares a border with the city where a person went to work during the gold rush in the state where the Shakespeare Bridge is located?,I don't know.,Rio Linda,0.0,0.0,0.0,0.0,0.0,0.0,0.0,0.0,[]
4hop3__773800_152874_161616_77103,No-RAG,4,4hop3,When did the city the 2010 Sony Ericsson Open – Men's Singles winner is from become the capitol of the state Knowles is from?,I don't know.,1839,0.0,0.0,0.0,0.0,0.0,0.0,0.0,0.0,[]
4hop3__316459_41402_145922_13584,No-RAG,4,4hop3,"Besides areas of the country gaining control of Florida after the conflict Charles Edmund Nugent participated in, what other differences exist between where Carlos Barral died and Real Madrid?",I don't know.,two cities,0.0,0.0,0.0,0.0,0.0,0.0,0.0,0.0,[]
4hop3__577443_88460_30152_20999,No-RAG,4,4hop3,How were people from whom new coins were a proclamation of independence by the Somali Muslim Ajuran Empire expelled from the natural boundary between Thailand and Tham Pha's country?,I don't know.,The dynasty regrouped and defeated the Portuguese,0.0,0.0,0.0,0.0,0.0,0.0,0.0,0.0,[]
4hop2__71753_261673_70784_61381,No-RAG,4,4hop2,When was the region that lies to the north of where Israel is located and where Shamal is located established?,I don't know.,1932,0.0,0.0,0.0,0.0,0.0,0.0,0.0,0.0,[]
4hop1__58323_375563_161848_84681,No-RAG,4,4hop1,When did the Dutch arrive in the country near the country where the author of The Book Thief is a citizen of?,I don't know.,13 December 1642,0.0,0.0,0.0,0.0,0.0,0.0,0.0,0.0,[]
4hop3__678814_466199_695123_72134,No-RAG,4,4hop3,When did the town WIZE is licensed in become capitol of the state where Stoney Creek Township is located?,I don't know.,1839,0.0,0.0,0.0,0.0,0.0,0.0,0.0,0.0,[]
4hop1__320457_508773_85832_745702,No-RAG,4,4hop1,Who is the son of the Italian navigator who explored the eastern coast of the continent Ulises Solís' birthplace is located in for England?,I don't know.,Sebastian Cabot,0.0,0.0,0.0,0.0,0.0,0.0,0.0,0.0,[]
4hop1__15607_59747_211319_557671,No-RAG,4,4hop1,Which county shares a border with the county where the most populous city in the state where armed robbery is a capital crime is located?,"Orange County, CA",Presque Isle County,0.0,0.3333333333333333,0.0,0.0,0.0,0.0,0.0,0.0,[]
4hop3__387712_132409_371500_35031,No-RAG,4,4hop3,"Among the top five largest urban areas in the state Jacoby Shaddix' band formed in, where does the city Veoh's headquarters are located rank?",I don't know.,third-largest,0.0,0.0,0.0,0.0,0.0,0.0,0.0,0.0,[]
4hop3__771862_466199_695123_72134,No-RAG,4,4hop3,When did the town WIZE is licensed in become capitol of the state where Jackson Township is located?,I don't know.,1839,0.0,0.0,0.0,0.0,0.0,0.0,0.0,0.0,[]
4hop3__275416_24325_156850_10557,No-RAG,4,4hop3,"Despite being located in East Belgium, the Carnival of the birth place of Guido Maus harks purely to an area. What was the language having the same name as this area of the era with Fastrada's spouse's name later known as?",Flanders,Medieval Latin,0.0,0.0,0.0,0.0,0.0,0.0,0.0,0.0,[]
4hop2__161602_426860_88460_20988,No-RAG,4,4hop2,What major conflict is the country between the country that hosted the tournament and the country where That Dam is from known for?,I don't know.,one of the world's longest-running ongoing civil wars.,0.0,0.0,0.0,0.0,0.0,0.0,0.0,0.0,[]
4hop1__342858_131850_33897_81096,No-RAG,4,4hop1,Who won the Indy Car Race in the largest populated city of the state where Yuma's Library District is located?,I don't know.,Mario Andretti,0.0,0.0,0.0,0.0,0.0,0.0,0.0,0.0,[]
4hop2__161602_426860_88460_126088,No-RAG,4,4hop2,Who was in charge in the country that is the natural boundary between the country that hosted the tournament and the country where That Dam is located?,I don't know.,Thein Sein,0.0,0.0,0.0,0.0,0.0,0.0,0.0,0.0,[]
4hop3__794915_466199_695123_72134,No-RAG,4,4hop3,When did the town WIZE is licensed in become capitol of the state where Ward Township is located?,I don't know.,1839,0.0,0.0,0.0,0.0,0.0,0.0,0.0,0.0,[]
4hop2__71753_648517_70784_61381,No-RAG,4,4hop2,When was the region that lies to the north of the region Israel is located and where the Battle of Qurah and Umm al Maradim is took place established?,I don't know.,1932,0.0,0.0,0.0,0.0,0.0,0.0,0.0,0.0,[]
4hop2__161602_426860_88460_21057,No-RAG,4,4hop2,"During British rule, what wood product was produced primarily in the country between the country that hosted the tournament and the country where That Dam is from?",I don't know.,75% of the world's teak,0.0,0.0,0.0,0.0,0.0,0.0,0.0,0.0,[]
4hop2__71753_261673_70784_79935,No-RAG,4,4hop2,When was the region that lies to the north of the where Israel is located and the location of Shamal created?,I don't know.,1930,0.0,0.0,0.0,0.0,0.0,0.0,0.0,0.0,[]
4hop2__161602_474028_88460_20988,No-RAG,4,4hop2,For what major conflict is the country on the natural boundary between the country that hosted the tournament and the country where A Don is from known?,I don't know.,one of the world's longest-running ongoing civil wars.,0.0,0.0,0.0,0.0,0.0,0.0,0.0,0.0,[]
4hop1__44149_32392_823060_610794,No-RAG,4,4hop1,What county is the city that shares a border with the state capital of the state where the RBC Heritage Golf Tournament is played in?,I don't know.,Richland County,0.0,0.0,0.0,0.0,0.0,0.0,0.0,0.0,[]
4hop3__813358_24325_125104_10557,No-RAG,4,4hop3,"The carnival in the town where Jean Mathonet died is rooted in a European culture. In Rotrude's father's era, the language of that culture was later known by what name?",Latin,Medieval Latin,0.0,0.6666666666666666,0.0,0.0,0.0,0.0,0.0,0.0,[]
4hop3__710473_354093_254885_76356,No-RAG,4,4hop3,Who pushed for a canal crossing across the continent El Valle is located linking the Pacific Ocean and the ocean Sampit River leads to?,I don't know.,Ferdinand de Lesseps,0.0,0.0,0.0,0.0,0.0,0.0,0.0,0.0,[]
4hop2__71753_158279_70784_61381,No-RAG,4,4hop2,When was the region immediately north of the region where Israel is located and the final destination for the export crops established?,I don't know.,1932,0.0,0.0,0.0,0.0,0.0,0.0,0.0,0.0,[]
4hop3__238811_88460_30152_20999,No-RAG,4,4hop3,New coins by the Somali Muslim Ajuran Empire were a proclamation of independence from a nation. How were the people of that nation expelled from country that borders Thailand and Ban Nampo village's country?,I don't know.,The dynasty regrouped and defeated the Portuguese,0.0,0.0,0.0,0.0,0.0,0.0,0.0,0.0,[]
4hop1__161810_583746_457883_650651,No-RAG,4,4hop1,Country A has an embassy from the country that contains the bay where the city of General Santos is located. What network created country A's version of The Biggest Loser?,I don't know.,NBC,0.0,0.0,0.0,0.0,0.0,0.0,0.0,0.0,[]
4hop1__129682_59747_211319_557671,No-RAG,4,4hop1,Which county shares a border with the county where the most populous city in the state where WSFN can be found is located?,Cobb County,Presque Isle County,0.0,0.4,0.0,0.0,0.0,0.0,0.0,0.0,[]
4hop1__788226_32392_823060_610794,No-RAG,4,4hop1,The capital of the state where Mary Boykin Chesnut lived borders a city within which county?,Richmond County,Richland County,0.0,0.5,0.0,0.0,0.0,0.0,0.0,0.0,[]
4hop2__161602_474028_88460_21057,No-RAG,4,4hop2,"During British rule, what wood was mostly produced in the nation that's the boundary between the host of the 2020 AFC U-23 Championship qualification, and the nation containing A Don?",Teak,75% of the world's teak,0.0,0.4,0.0,0.0,0.0,0.0,0.0,0.0,[]
4hop2__71753_729371_70784_79935,No-RAG,4,4hop2,When was the region that lies to the north of where Israel is located and the location of Operation Earnest Will established?,I don't know.,1930,0.0,0.0,0.0,0.0,0.0,0.0,0.0,0.0,[]
4hop1__129721_32392_823060_610794,No-RAG,4,4hop1,What county is the city that shares a border with the state capital of the state where Zubly Cemetery is located in?,I don't know.,Richland County,0.0,0.0,0.0,0.0,0.0,0.0,0.0,0.0,[]
4hop3__673447_132409_371500_35031,No-RAG,4,4hop3,"Among the top five largest urban areas in the state where Infest's performer was formed, where does Veoh's headquarters city rank?",I don't know.,third-largest,0.0,0.0,0.0,0.0,0.0,0.0,0.0,0.0,[]
4hop2__161602_426860_88460_18966,No-RAG,4,4hop2,Who brought the language Hokkien to the country between the country that hosted the tournament and the country where That Dam is from?,I don't know.,Han Chinese emigrants,0.0,0.0,0.0,0.0,0.0,0.0,0.0,0.0,[]
4hop1__31050_725495_49925_267352,No-RAG,4,4hop1,What movement did the person who wanted to reform and address the church that the general population converted to lead?,I don't know.,German Renaissance,0.0,0.0,0.0,0.0,0.0,0.0,0.0,0.0,[]
4hop1__151650_5274_458768_33633,No-RAG,4,4hop1,What date did Gaspar reach the region which would be the headquarters of the record label of which the only larger label is the one that signed Desde El Principio?,I don't know.,"August 3, 1769",0.0,0.0,0.0,0.0,0.0,0.0,0.0,0.0,[]
4hop3__312119_132409_146285_35031,No-RAG,4,4hop3,"Among the top five largest urban areas in the state where Getting Away with Murder's performer was formed, where does city in which Alexander Golitzen died rank?",I don't know.,third-largest,0.0,0.0,0.0,0.0,0.0,0.0,0.0,0.0,[]
4hop3__129682_29339_508306_70744,No-RAG,4,4hop3,Who won more national championships between the university that contains Fort Hill and the university of the state where Edwards won the primary besides the state where WSFN is located?,I don't know.,University of South Carolina,0.0,0.0,0.0,0.0,0.0,0.0,0.0,0.0,[]
4hop1__58323_375563_161848_83118,No-RAG,4,4hop1,When does daylight savings end in the country near the country where the author of The Book Thief is from?,I don't know.,the first Sunday in April,0.0,0.0,0.0,0.0,0.0,0.0,0.0,0.0,[]
4hop2__161602_474028_88460_18966,No-RAG,4,4hop2,Who brought the language Hokkien to the country on the natural boundary between the country that hosted the tournament and the country where A Don is from?,I don't know.,Han Chinese emigrants,0.0,0.0,0.0,0.0,0.0,0.0,0.0,0.0,[]
4hop1__846600_153080_159767_81096,No-RAG,4,4hop1,Who won the Indy car race in the largest city and the capital of the state of origin of the performer of A Modern Jazz Symposium of Music and Poetry?,I don't know.,Mario Andretti,0.0,0.0,0.0,0.0,0.0,0.0,0.0,0.0,[]
4hop1__3496_5274_458768_33637,No-RAG,4,4hop1,How many ethnic minorities were looked at differently where the only group larger than BMG's partner from 2005 to 2007 is headquartered?,I don't know.,two,0.0,0.0,0.0,0.0,0.0,0.0,0.0,0.0,[]
4hop3__661103_698586_57596_54362,No-RAG,4,4hop3,"Who burned down the city where the artist who recorded Dunn Dunn died, during the war that saw the introduction of income tax in the U.S.?",I don't know.,Confederate Gen. John Bell Hood,0.0,0.0,0.0,0.0,0.0,0.0,0.0,0.0,[]
4hop1__567737_141375_458768_33632,No-RAG,4,4hop1,"What day is the feast held in the city containing the headquarters of the company, that owns the record label that released Study in Brown?",I don't know.,May 4,0.0,0.0,0.0,0.0,0.0,0.0,0.0,0.0,[]
4hop1__608132_508773_85832_745702,No-RAG,4,4hop1,Who's the son of the Italian navigator who explored the eastern coast of the continent where Christian Sánchez was born?,I don't know.,Sebastian Cabot,0.0,0.0,0.0,0.0,0.0,0.0,0.0,0.0,[]
4hop1__726152_153080_159767_81096,No-RAG,4,4hop1,Who won the Indy car race in the largest city and capital of the state where the performer of Tijuana Moods was born?,I don't know.,Mario Andretti,0.0,0.0,0.0,0.0,0.0,0.0,0.0,0.0,[]
4hop1__199881_765799_282674_759393,No-RAG,4,4hop1,What is the seat of the county sharing a border with the county where Miller Electric is headquartered?,I don't know.,Green Bay,0.0,0.0,0.0,0.0,0.0,0.0,0.0,0.0,[]
4hop1__88342_49853_128008_46894,No-RAG,4,4hop1,Who has the lowest batting average in the league that the team that has won the most titles from the competition they give out MVP awards plays for?,I don't know.,Bill Bergen,0.0,0.0,0.0,0.0,0.0,0.0,0.0,0.0,[]
4hop1__152028_141441_458768_33633,No-RAG,4,4hop1,When did the explorer reach the headquarters location of the group Con-Test's record label is part of?,I don't know.,"August 3, 1769",0.0,0.0,0.0,0.0,0.0,0.0,0.0,0.0,[]
4hop1__105401_17130_70784_79935,No-RAG,4,4hop1,When was the region that lies to the north of the region where Strangers No More took place and the Persian Gulf created?,I don't know.,1930,0.0,0.0,0.0,0.0,0.0,0.0,0.0,0.0,[]
4hop3__650050_88460_30152_20999,No-RAG,4,4hop3,How were people from whom the new coins were a proclamation of independence by the Somali Muslim Ajuran Empire expelled from the natural boundary between Thailand and A Doi's country?,I don't know.,The dynasty regrouped and defeated the Portuguese,0.0,0.0,0.0,0.0,0.0,0.0,0.0,0.0,[]
4hop1__88342_49853_128008_54974,No-RAG,4,4hop1,What is the longest home run hit in the league where the team with the most titles from the event after which the MLB MVP is awarded plays?,I don't know.,about 575 feet,0.0,0.0,0.0,0.0,0.0,0.0,0.0,0.0,[]
4hop1__767417_624859_355213_203322,No-RAG,4,4hop1,What county shares a border with the county where the performer of Change of Heart was born?,I don't know.,Cabarrus County,0.0,0.0,0.0,0.0,0.0,0.0,0.0,0.0,[]
4hop1__161765_53706_795904_580996,No-RAG,4,4hop1,What city shares a border with the city where the person who went to the state where Englebart died during the gold rush works?,I don't know.,Rio Linda,0.0,0.0,0.0,0.0,0.0,0.0,0.0,0.0,[]
4hop1__151903_5274_458768_33633,No-RAG,4,4hop1,When did the explorer reach the city where the only group larger than the record label of The Lost Trident Sessions is headquartered?,I don't know.,"August 3, 1769",0.0,0.0,0.0,0.0,0.0,0.0,0.0,0.0,[]
4hop3__316459_41402_157761_13584,No-RAG,4,4hop3,"A country gained control of Florida after the war in which Charles Edmund Nugent saw action. Besides the different areas of that country, what other differences are there between Real Madrid and the team for the city he moved to in 1999?",I don't know.,two cities,0.0,0.0,0.0,0.0,0.0,0.0,0.0,0.0,[]
4hop1__436202_378185_282674_759393,No-RAG,4,4hop1,What is the seat of the county sharing a border with the county in which J.P. Hayes was born?,I don't know.,Green Bay,0.0,0.0,0.0,0.0,0.0,0.0,0.0,0.0,[]
4hop1__94201_642284_131926_90707,No-RAG,4,4hop1,Where does the river by the city where the Southeast Library designer died and the Ohio River meet?,I don't know.,"at the city of Cairo, Illinois",0.0,0.0,0.0,0.0,0.0,0.0,0.0,0.0,[]
4hop2__161324_14670_8987_8974,No-RAG,4,4hop2,The military group of which the Air Defense Artillery is a branch was unprepared for the invasion of the territory the Nazis occupied. The country of this group was the only communist country to have an embassy where?,Berlin,Alfredo Stroessner's Paraguay,0.0,0.0,0.0,0.0,0.0,0.0,0.0,0.0,[]
